<core:FragmentDefinition xmlns="sap.m" xmlns:core="sap.ui.core">
	<Dialog title="{i18n>AddressDataSuggestionsDlgSelectLineHead}" class="sapUiContentPadding">
		<content>
			<MessageStrip text="{AddressSuggestions>/Return/Message}" type="{= ${AddressSuggestions>/Return/Type} === 'S' ? 'Success' : 'Error' }"
				class="sapUiSmallMargin" showIcon="true"/>
			<Table id="addressSugesstions" items="{AddressSuggestions>/AddresToSuggestions/results}" mode="SingleSelectMaster" growing="true"
				growingThreshold="10" growingScrollToLoad="false">
				<columns>
					<Column width="auto">
						<Text text="{i18n>AddressDataSuggestionsDlgCountryKey}"/>
					</Column>
					<Column width="auto">
						<Text text="{i18n>AddressDataSuggestionsDlgRegion}"/>
					</Column>
					<Column width="auto">
						<Text text="{i18n>AddressDataSuggestionsDlgPostalCode}"/>
					</Column>
					<Column width="auto">
						<Text text="{i18n>AddressDataSuggestionsDlgCity}"/>
					</Column>
					<Column width="auto">
						<Text text="{i18n>AddressDataSuggestionsDlgStreet}"/>
					</Column>
					<Column width="auto">
						<Text text="{i18n>AddressDataSuggestionsDlgHouseNumber}"/>
					</Column>
				</columns>
				<items>
					<ColumnListItem vAlign="Middle">
						<cells>
							<Text text="{AddressSuggestions>Country}" wrapping="false"/>
							<Text text="{AddressSuggestions>Region}" wrapping="false"/>
							<Text text="{AddressSuggestions>PostCode1}" wrapping="false"/>
							<Text text="{AddressSuggestions>City1}" wrapping="false"/>
							<Text text="{AddressSuggestions>Street}" wrapping="false"/>
							<Text text="{AddressSuggestions>HouseNum1}" wrapping="false"/>
						</cells>
					</ColumnListItem>
				</items>
			</Table>
		</content>
		<beginButton>
			<Button text="Ok" press=".onOkAddressSuggestionDlg"/>
		</beginButton>
		<endButton>
			<Button text="{i18n>reset}" press=".onCancelDlg"/>
		</endButton>
	</Dialog>
</core:FragmentDefinition>