<core:FragmentDefinition xmlns="sap.m" xmlns:core="sap.ui.core" xmlns:f="sap.ui.layout.form" xmlns:l="sap.ui.layout">
	<Dialog title="{i18n>AltMaterialDialogViewTitle}" showHeader="true" contentWidth="80%">
		<content>
			<Table width="auto" class="sapUiResponsiveMargin" noDataText="{worklistView>/tableNoDataText}" growing="false" growingScrollToLoad="true"
				mode="SingleSelectMaster" selectionChange=".onMatSelect($event, 'MaterialNo2', '/AltMaterialNumber')" fixedLayout="true"
				items="{materialModel>/}">
				<headerToolbar>
					<Toolbar>
						<Title text="{i18n>AltMaterialDialogDescription}"/>
					</Toolbar>
				</headerToolbar>
				<columns>
					<Column>
						<Text text="{i18n>tcMaterialNo1}"/>
					</Column>
					<Column hAlign="Left">
						<Text text="{i18n>tcDescription1}"/>
					</Column>
					<Column>
						<Text text="{i18n>tcMaterialNo2}"/>
					</Column>
					<Column hAlign="Left">
						<Text text="{i18n>tcDescription2}"/>
					</Column>
				</columns>
				<items>
					<ColumnListItem>
						<cells>
							<Text text="{materialModel>MaterialNo1}"></Text>
							<Text text="{materialModel>Description1}"></Text>
							<Text text="{materialModel>MaterialNo2}"></Text>
							<Text text="{materialModel>Description2}"></Text>
						</cells>
					</ColumnListItem>
				</items>
			</Table>
		</content>
		<beginButton></beginButton>
		<endButton>
			<Button press="onCancelDlg" text="{i18n>reset}" icon="sap-icon://nav-back" visible="true"/>
		</endButton>
	</Dialog>
</core:FragmentDefinition>