<core:FragmentDefinition xmlns="sap.m" xmlns:core="sap.ui.core" xmlns:f="sap.ui.layout.form" xmlns:l="sap.ui.layout">
	<Dialog id="ShipToPartySearchDlg" title="{i18n>shipToPartySearchTitle}" showHeader="true" contentWidth="80%">
		<content>
			<Table width="auto" class="sapUiResponsiveMargin" noDataText="{worklistView>/tableNoDataText}" growing="false" growingScrollToLoad="true"
				mode="SingleSelectMaster" selectionChange=".onShipToPartySelect($event)" fixedLayout="true" items="{shipToPartyModel>/results}">
				<headerToolbar>
					<Toolbar>
						<Title text="{i18n>shipToPartySearchDescription}"/>
					</Toolbar>
				</headerToolbar>
				<columns>
					<Column>
						<Text text="{i18n>shipToPartyNumber}"/>
					</Column>
					<Column hAlign="Left">
						<Text text="{i18n>shipToPartyName}"/>
					</Column>
					<Column hAlign="Left">
						<Text text="{i18n>shipToPartyStreet}"/>
					</Column>
					<Column hAlign="Left">
						<Text text="{i18n>Postalcode}"/>
					</Column>					
					<Column hAlign="Left">
						<Text text="{i18n>shipToPartyCity}"/>
					</Column>
				</columns>
				<items>
					<ColumnListItem>
						<cells>
							<Text text="{shipToPartyModel>ShipToParty}"></Text>
							<Text text="{shipToPartyModel>ShipToPartyName}"></Text>
							<Text text="{shipToPartyModel>Shiptopartystreet}"></Text>
							<Text text="{shipToPartyModel>PostalCode}"></Text>
							<Text text="{shipToPartyModel>ShipToPartyCity}"></Text>
						</cells>
					</ColumnListItem>
				</items>
			</Table>
		</content>
		<beginButton></beginButton>
		<endButton>
			<Button press="onCancelDlg" text="{i18n>reset}" icon="sap-icon://nav-back" visible="true"/>
		</endButton>
	</Dialog>
</core:FragmentDefinition>