<?xml version="1.0" encoding="utf-8"?>
<edmx:Edmx Version="1.0" xmlns:edmx="http://schemas.microsoft.com/ado/2007/06/edmx"
	xmlns:m="http://schemas.microsoft.com/ado/2007/08/dataservices/metadata" xmlns:sap="http://www.sap.com/Protocols/SAPData">
	<edmx:Reference
		Uri="https://dmg.migros.ch:1440/sap/opu/odata/IWFND/CATALOGSERVICE;v=2/Vocabularies(TechnicalName='%2FIWBEP%2FVOC_COMMON',Version='0001',SAP__Origin='LOCAL')/$value"
		xmlns:edmx="http://docs.oasis-open.org/odata/ns/edmx"><edmx:Include Namespace="com.sap.vocabularies.Common.v1" Alias="Common"/></edmx:Reference>
	<edmx:Reference
		Uri="https://dmg.migros.ch:1440/sap/opu/odata/IWFND/CATALOGSERVICE;v=2/Vocabularies(TechnicalName='%2FIWBEP%2FVOC_CAPABILITIES',Version='0001',SAP__Origin='LOCAL')/$value"
		xmlns:edmx="http://docs.oasis-open.org/odata/ns/edmx"><edmx:Include Namespace="Org.OData.Capabilities.V1" Alias="Capabilities"/></edmx:Reference>
	<edmx:Reference
		Uri="https://dmg.migros.ch:1440/sap/opu/odata/IWFND/CATALOGSERVICE;v=2/Vocabularies(TechnicalName='%2FIWBEP%2FVOC_COMMUNICATION',Version='0001',SAP__Origin='LOCAL')/$value"
		xmlns:edmx="http://docs.oasis-open.org/odata/ns/edmx"><edmx:Include Namespace="com.sap.vocabularies.Communication.v1" Alias="Communication"/></edmx:Reference>
	<edmx:Reference
		Uri="https://dmg.migros.ch:1440/sap/opu/odata/IWFND/CATALOGSERVICE;v=2/Vocabularies(TechnicalName='%2FIWBEP%2FVOC_AGGREGATION',Version='0001',SAP__Origin='LOCAL')/$value"
		xmlns:edmx="http://docs.oasis-open.org/odata/ns/edmx"><edmx:Include Namespace="Org.OData.Aggregation.V1" Alias="Aggregation"/></edmx:Reference>
	<edmx:Reference
		Uri="https://dmg.migros.ch:1440/sap/opu/odata/IWFND/CATALOGSERVICE;v=2/Vocabularies(TechnicalName='%2FIWBEP%2FVOC_PERSONALDATA',Version='0001',SAP__Origin='LOCAL')/$value"
		xmlns:edmx="http://docs.oasis-open.org/odata/ns/edmx"><edmx:Include Namespace="com.sap.vocabularies.PersonalData.v1" Alias="PersonalData"/></edmx:Reference>
	<edmx:DataServices m:DataServiceVersion="2.0">
		<Schema Namespace="BTL.TR_GRID_DOCUMENTS_SRV" xml:lang="de" sap:schema-version="1" xmlns="http://schemas.microsoft.com/ado/2008/09/edm">
			<EntityType Name="xBTLxTRL_ODATA_TRIP_HIERARType" sap:label="OData-Service für Trip-Hierarchie" sap:value-list="true"
				sap:content-version="1">
				<Key><PropertyRef Name="node_id"/><PropertyRef Name="parent_id"/></Key><Property Name="node_id" Type="Edm.Guid" Nullable="false" sap:label="Trip-ID" sap:creatable="false" sap:updatable="false"/><Property Name="parent_id" Type="Edm.Guid" Nullable="false" sap:creatable="false" sap:updatable="false"/><Property Name="drill_state" Type="Edm.String" MaxLength="8" sap:creatable="false" sap:updatable="false"/><Property Name="hierarchy_level" Type="Edm.Byte" sap:creatable="false" sap:updatable="false"/><Property Name="trip_id" Type="Edm.Guid" sap:label="Trip-ID" sap:creatable="false" sap:updatable="false"/><Property Name="item_id" Type="Edm.Guid" sap:creatable="false" sap:updatable="false"/><Property Name="tripinfo" Type="Edm.String" MaxLength="256" sap:label="Trip-Info (T/F/Z)"
					sap:quickinfo="Trip-Info mit Trip-Nummer, Fahrer und Zugmaschine" sap:creatable="false" sap:updatable="false"/><Property Name="start_date" Type="Edm.DateTime" Precision="0" sap:display-format="Date" sap:label="Startdatum" sap:creatable="false"
					sap:updatable="false"/><Property Name="start_time" Type="Edm.Time" Precision="0" sap:label="Startzeit" sap:creatable="false" sap:updatable="false"/><Property Name="end_date" Type="Edm.DateTime" Precision="0" sap:display-format="Date" sap:label="Enddatum" sap:creatable="false"
					sap:updatable="false"/><Property Name="end_time" Type="Edm.Time" Precision="0" sap:label="Endzeit" sap:creatable="false" sap:updatable="false"/><Property Name="start_timestamp_db" Type="Edm.DateTimeOffset" Precision="0" sap:label="Start-Zeitstempel" sap:creatable="false"
					sap:updatable="false"/><Property Name="end_timestamp_db" Type="Edm.DateTimeOffset" Precision="0" sap:label="End-Zeitstempel" sap:creatable="false"
					sap:updatable="false"/><Property Name="start_timestamp" Type="Edm.DateTimeOffset" Precision="0" sap:label="Start-Zeitstempel" sap:creatable="false"
					sap:updatable="false"/><Property Name="end_timestamp" Type="Edm.DateTimeOffset" Precision="0" sap:label="End-Zeitstempel" sap:creatable="false"
					sap:updatable="false"/><Property Name="tripnr" Type="Edm.String" MaxLength="10" sap:display-format="UpperCase" sap:label="Trip-Nummer" sap:creatable="false"
					sap:updatable="false"/><Property Name="driver_name" Type="Edm.String" MaxLength="100" sap:label="Fahrername"
					sap:quickinfo="Fahrername für die Darstellung auf der Oberfläche" sap:creatable="false" sap:updatable="false"/><Property Name="resource_description" Type="Edm.String" MaxLength="40" sap:label="Bezeichnung Objekt"
					sap:quickinfo="Bezeichnung technisches Objekt" sap:creatable="false" sap:updatable="false"/><Property Name="docnr" Type="Edm.String" MaxLength="10" sap:display-format="UpperCase" sap:label="Beleg" sap:quickinfo="Belegnummer"
					sap:creatable="false" sap:updatable="false"/><Property Name="docposnr" Type="Edm.String" MaxLength="6" sap:display-format="NonNegative" sap:label="Position"
					sap:quickinfo="Positionsnummer des Belegs" sap:creatable="false" sap:updatable="false"/><Property Name="movind" Type="Edm.String" MaxLength="1" sap:display-format="UpperCase" sap:label="Bewegungskennzeichen"
					sap:creatable="false" sap:updatable="false"/><Property Name="pstype" Type="Edm.String" MaxLength="4" sap:display-format="UpperCase" sap:label="Positionstyp" sap:creatable="false"
					sap:updatable="false"/><Property Name="doctype" Type="Edm.String" MaxLength="1" sap:display-format="UpperCase" sap:label="Belegtyp" sap:creatable="false"
					sap:updatable="false"/><Property Name="kunwe" Type="Edm.String" MaxLength="10" sap:display-format="UpperCase" sap:label="Warenempfänger" sap:creatable="false"
					sap:updatable="false"/><Property Name="kunwe_txt" Type="Edm.String" MaxLength="30" sap:label="Warenempfängername" sap:creatable="false" sap:updatable="false"/><Property Name="matnr" Type="Edm.String" MaxLength="40" sap:display-format="UpperCase" sap:label="Material" sap:quickinfo="Materialnummer"
					sap:creatable="false" sap:updatable="false"/><Property Name="psart" Type="Edm.String" MaxLength="4" sap:display-format="UpperCase" sap:label="Positionsart" sap:creatable="false"
					sap:updatable="false"/><Property Name="werks" Type="Edm.String" MaxLength="4" sap:display-format="UpperCase" sap:label="Werk" sap:creatable="false"
					sap:updatable="false"/><Property Name="lgort" Type="Edm.String" MaxLength="4" sap:display-format="UpperCase" sap:label="Lagerort" sap:creatable="false"
					sap:updatable="false"/><Property Name="vkorg" Type="Edm.String" MaxLength="4" sap:display-format="UpperCase" sap:label="Verkaufsorganisation" sap:creatable="false"
					sap:updatable="false"/><Property Name="vtweg" Type="Edm.String" MaxLength="2" sap:display-format="UpperCase" sap:label="Vertriebsweg" sap:creatable="false"
					sap:updatable="false"/><Property Name="pdlvdf" Type="Edm.DateTime" Precision="0" sap:display-format="Date" sap:label="Plandatum von" sap:creatable="false"
					sap:updatable="false"/><Property Name="pdlvtf" Type="Edm.Time" Precision="0" sap:label="Planzeit von" sap:creatable="false" sap:updatable="false"/><Property Name="pdlvdt" Type="Edm.DateTime" Precision="0" sap:display-format="Date" sap:label="Plandatum bis" sap:creatable="false"
					sap:updatable="false"/><Property Name="pdlvtt" Type="Edm.Time" Precision="0" sap:label="Planzeit bis" sap:creatable="false" sap:updatable="false"/><Property Name="idlvdf" Type="Edm.DateTime" Precision="0" sap:display-format="Date" sap:label="Istdatum" sap:creatable="false"
					sap:updatable="false"/><Property Name="idlvtf" Type="Edm.Time" Precision="0" sap:label="Istzeit" sap:creatable="false" sap:updatable="false"/><Property Name="plan_from_timestamp_db" Type="Edm.DateTimeOffset" Precision="0" sap:label="Geplant von"
					sap:quickinfo="Geplant von Zeitstempel" sap:creatable="false" sap:updatable="false"/><Property Name="plan_to_timestamp_db" Type="Edm.DateTimeOffset" Precision="0" sap:label="Geplant bis Zeit"
					sap:quickinfo="Geplant bis Zeitstempel" sap:creatable="false" sap:updatable="false"/><Property Name="actual_timestamp_db" Type="Edm.DateTimeOffset" Precision="0" sap:label="Zeitstempel aktuell"
					sap:quickinfo="Aktueller Zeitstempel" sap:creatable="false" sap:updatable="false"/><Property Name="plan_from_timestamp" Type="Edm.DateTimeOffset" Precision="0" sap:label="Geplant von" sap:quickinfo="Geplant von Zeitstempel"
					sap:creatable="false" sap:updatable="false"/><Property Name="plan_to_timestamp" Type="Edm.DateTimeOffset" Precision="0" sap:label="Geplant bis Zeit"
					sap:quickinfo="Geplant bis Zeitstempel" sap:creatable="false" sap:updatable="false"/><Property Name="actual_timestamp" Type="Edm.DateTimeOffset" Precision="0" sap:label="Zeitstempel aktuell"
					sap:quickinfo="Aktueller Zeitstempel" sap:creatable="false" sap:updatable="false"/><Property Name="stras" Type="Edm.String" MaxLength="30" sap:label="Straße und Hausnr" sap:quickinfo="Straße und Hausnummer"
					sap:creatable="false" sap:updatable="false"/><Property Name="pstlz" Type="Edm.String" MaxLength="10" sap:display-format="UpperCase" sap:label="Postleitzahl" sap:creatable="false"
					sap:updatable="false"/><Property Name="ort01" Type="Edm.String" MaxLength="25" sap:label="Ort" sap:creatable="false" sap:updatable="false"/><Property Name="land1" Type="Edm.String" MaxLength="3" sap:display-format="UpperCase" sap:label="Länderschlüssel" sap:creatable="false"
					sap:updatable="false"/><Property Name="regio" Type="Edm.String" MaxLength="3" sap:display-format="UpperCase" sap:label="Region"
					sap:quickinfo="Region (Bundesstaat, Bundesland, Provinz, Grafschaft)" sap:creatable="false" sap:updatable="false"/><Property Name="seqnr" Type="Edm.String" MaxLength="3" sap:display-format="NonNegative" sap:label="Sequenz" sap:creatable="false"
					sap:updatable="false"/><Property Name="nofilter" Type="Edm.Boolean" sap:display-format="UpperCase" sap:label="Filter inaktiv" sap:creatable="false"
					sap:updatable="false"/><Property Name="begining_of_day" Type="Edm.String" MaxLength="6" sap:display-format="NonNegative" sap:creatable="false"
					sap:updatable="false"/><Property Name="end_of_day" Type="Edm.String" MaxLength="6" sap:display-format="NonNegative" sap:creatable="false" sap:updatable="false"/><Property Name="Status" Type="Edm.String" MaxLength="10" sap:label="Knotenstatus" sap:creatable="false" sap:updatable="false"/><Property Name="trip_status" Type="Edm.String" MaxLength="60" sap:label="Trip-Statustext" sap:creatable="false" sap:updatable="false"/><Property Name="Locked" Type="Edm.Boolean" sap:display-format="UpperCase" sap:label="Gesperrt" sap:quickinfo="Objekt ist gesperrt"
					sap:creatable="false" sap:updatable="false"/><Property Name="Locked_by_Me" Type="Edm.Boolean" sap:display-format="UpperCase" sap:label="Gesperrt von mir" sap:creatable="false"
					sap:updatable="false"/><Property Name="Locked_by_user" Type="Edm.String" MaxLength="12" sap:display-format="UpperCase" sap:label="Benutzername"
					sap:creatable="false" sap:updatable="false"/><Property Name="name1" Type="Edm.String" MaxLength="35" sap:label="Name des WE" sap:quickinfo="Name des Warenempfängers (WE)"
					sap:creatable="false" sap:updatable="false"/><Property Name="time_from" Type="Edm.Time" Precision="4" sap:field-control="edit_control" sap:label="Zeit von"/><Property Name="time_to" MaxLength="4" Type="Edm.Time" Precision="4" sap:field-control="edit_control" sap:label="Zeit bis"/><Property Name="ztrp_notiz" Type="Edm.String" MaxLength="40" sap:field-control="edit_control" sap:label="IDM Notiz"/><Property Name="we_nummer1" Type="Edm.String" MaxLength="16" sap:label="Telefon-1 WE" sap:creatable="false" sap:updatable="false"/><Property Name="we_nummer2" Type="Edm.String" MaxLength="16" sap:label="Telefon-2 WE" sap:creatable="false" sap:updatable="false"/><Property Name="quantity" Type="Edm.Decimal" Precision="13" Scale="3" sap:label="Positionsmenge" sap:creatable="false" sap:updatable="false"/><Property Name="telf1_ag" Type="Edm.String" MaxLength="16" sap:label="Telefon-1 AG" sap:creatable="false" sap:updatable="false"/><Property Name="telf2_ag" Type="Edm.String" MaxLength="16" sap:label="Telefon-2 AG" sap:creatable="false" sap:updatable="false"/><Property Name="stras_ag" Type="Edm.String" MaxLength="35" sap:label="Straße AG" sap:creatable="false" sap:updatable="false"/><Property Name="name1_ag" Type="Edm.String" MaxLength="40" sap:label="Name1 AG" sap:creatable="false" sap:updatable="false"/><Property Name="ort01_ag" Type="Edm.String" MaxLength="35" sap:label="Ort AG" sap:creatable="false" sap:updatable="false"/><Property Name="pstlz_ag" Type="Edm.String" MaxLength="10" sap:display-format="UpperCase" sap:label="Postleitzahl AG" sap:creatable="false"
					sap:updatable="false"/><Property Name="create_date" Type="Edm.DateTime" Precision="0" sap:display-format="Date" sap:label="Anlegedatum" sap:creatable="false"
					sap:updatable="false"/><Property Name="maktx" Type="Edm.String" MaxLength="40" sap:label="Materialkurztext" sap:creatable="false" sap:updatable="false"/><Property Name="zzwlfdt_von" Type="Edm.DateTime" Precision="0" sap:display-format="Date" sap:label="Datum Von" sap:quickinfo="Datum von"
					sap:creatable="false" sap:updatable="false"/><Property Name="zzwlfdt_bis" Type="Edm.DateTime" Precision="0" sap:display-format="Date" sap:label="Datum Bis" sap:quickinfo="Datum bis"
					sap:creatable="false" sap:updatable="false"/><Property Name="note_drv" Type="Edm.String" MaxLength="40" sap:label="Notiz" sap:quickinfo="Kurztext der Notiz" sap:creatable="false"
					sap:updatable="false"/><Property Name="note_dsp" Type="Edm.String" MaxLength="40" sap:label="Notiz" sap:quickinfo="Kurztext der Notiz" sap:creatable="false"
					sap:updatable="false"/><Property Name="we_city" Type="Edm.String" MaxLength="35" sap:label="Ort WE" sap:creatable="false" sap:updatable="false"/><Property Name="we_pstlz" Type="Edm.String" MaxLength="10" sap:display-format="UpperCase" sap:label="Postleitzahl WE" sap:creatable="false"
					sap:updatable="false"/><Property Name="we_stras" Type="Edm.String" MaxLength="35" sap:label="Straße WE" sap:creatable="false" sap:updatable="false"/><Property Name="zab_notiz" Type="Edm.String" MaxLength="40" sap:display-format="UpperCase" sap:field-control="edit_control"
					sap:label="AB Notiz"/><Property Name="zzstatuszz" Type="Edm.String" MaxLength="20" sap:display-format="UpperCase" sap:label="Status Position"
					sap:creatable="false" sap:updatable="false"/><Property Name="zztrip_status" Type="Edm.String" MaxLength="2" sap:display-format="UpperCase" sap:label="Trip status" sap:creatable="false"
					sap:updatable="false"/><Property Name="we_name1" Type="Edm.String" MaxLength="40" sap:label="WE Name" sap:creatable="false" sap:updatable="false"/><Property Name="edit_control" Type="Edm.Byte" sap:label="Byte" sap:creatable="false" sap:updatable="false"/><Property Name="zstatus_multi" Type="Edm.String" MaxLength="10" sap:display-format="UpperCase" sap:field-control="edit_control"
					sap:text="zstatus_multi_txt" sap:label="MF Status" sap:value-list="fixed-values"/><Property Name="zstatus_multi_txt" Type="Edm.String" MaxLength="60" sap:label="Kurzbeschreibung" sap:quickinfo="Kurztext zu Festwerten"
					sap:creatable="false" sap:updatable="false"/><NavigationProperty Name="to_MultiStatusVH" Relationship="BTL.TR_GRID_DOCUMENTS_SRV.assoc_8C342A709C2B48E4E06FE636606FEA6E"
					FromRole="FromRole_assoc_8C342A709C2B48E4E06FE636606FEA6E" ToRole="ToRole_assoc_8C342A709C2B48E4E06FE636606FEA6E"/><NavigationProperty Name="to_trip_document" Relationship="BTL.TR_GRID_DOCUMENTS_SRV.assoc_3EA7BCE63897ECFB060334F3EF5DE602"
					FromRole="FromRole_assoc_3EA7BCE63897ECFB060334F3EF5DE602" ToRole="ToRole_assoc_3EA7BCE63897ECFB060334F3EF5DE602"/></EntityType>
			<EntityType Name="xBTLxTRL_TRIP_DOC_DISPATCHERType" sap:label="IDM-Trip-Position für Dispatcher" sap:content-version="1">
				<Key><PropertyRef Name="doc_id"/><PropertyRef Name="item_id"/></Key><Property Name="doc_id" Type="Edm.Guid" Nullable="false" sap:label="Dokument-ID"/><Property Name="item_id" Type="Edm.Guid" Nullable="false" sap:label="Positionsschlüssel" sap:quickinfo="Schlüssel für Position"/><Property Name="trip_id" Type="Edm.Guid" sap:label="Trip-ID"/><Property Name="tripnr" Type="Edm.String" MaxLength="10" sap:display-format="UpperCase" sap:label="Trip-Nummer"/><Property Name="pstype" Type="Edm.String" MaxLength="4" sap:display-format="UpperCase" sap:label="Positionstyp"/><Property Name="docnr" Type="Edm.String" MaxLength="10" sap:display-format="UpperCase" sap:label="Beleg" sap:quickinfo="Belegnummer"/><Property Name="docposnr" Type="Edm.String" MaxLength="6" sap:display-format="NonNegative" sap:label="Position"
					sap:quickinfo="Positionsnummer des Belegs"/><Property Name="doctype" Type="Edm.String" MaxLength="1" sap:display-format="UpperCase" sap:label="Belegtyp"/><Property Name="matnr" Type="Edm.String" MaxLength="40" sap:display-format="UpperCase" sap:label="Material" sap:quickinfo="Materialnummer"/><Property Name="mattxt" Type="Edm.String" MaxLength="40" sap:label="Materialkurztext"/><Property Name="locked" Type="Edm.Boolean" sap:display-format="UpperCase" sap:label="Gesperrt" sap:quickinfo="Objekt ist gesperrt"/><Property Name="pdoc_id" Type="Edm.Guid" sap:label="Dokument-ID"/><Property Name="movind" Type="Edm.String" MaxLength="1" sap:display-format="UpperCase" sap:label="Bewegungskennzeichen"/><Property Name="psart" Type="Edm.String" MaxLength="4" sap:display-format="UpperCase" sap:label="Positionsart"/><Property Name="docappl" Type="Edm.String" MaxLength="2" sap:display-format="UpperCase" sap:label="Applikation"
					sap:quickinfo="Applikation für Nachrichtenkonditionen"/><Property Name="rdocnr" Type="Edm.String" MaxLength="10" sap:display-format="UpperCase" sap:label="Referenzbelegnummer"/><Property Name="rdocposnr" Type="Edm.String" MaxLength="6" sap:display-format="NonNegative" sap:label="Referenzposition"
					sap:quickinfo="Referenzpositionsnummer des Belegs"/><Property Name="rdoctype" Type="Edm.String" MaxLength="1" sap:display-format="UpperCase" sap:label="Referenzbelegtyp"/><Property Name="kunwe" Type="Edm.String" MaxLength="10" sap:display-format="UpperCase" sap:label="Warenempfänger"/><Property Name="kunwe_txt" Type="Edm.String" MaxLength="30" sap:label="Warenempfängername"/><Property Name="shipto_name" Type="Edm.String" MaxLength="35" sap:label="Name des WE" sap:quickinfo="Name des Warenempfängers (WE)"/><Property Name="stras" Type="Edm.String" MaxLength="35" sap:label="Straße" sap:quickinfo="Straße und Hausnummer"/><Property Name="ort01" Type="Edm.String" MaxLength="35" sap:label="Ort"/><Property Name="pstlz" Type="Edm.String" MaxLength="10" sap:display-format="UpperCase" sap:label="Postleitzahl"/><Property Name="regio" Type="Edm.String" MaxLength="3" sap:display-format="UpperCase" sap:label="Region"
					sap:quickinfo="Region (Bundesstaat, Bundesland, Provinz, Grafschaft)"/><Property Name="land1" Type="Edm.String" MaxLength="3" sap:display-format="UpperCase" sap:label="Land" sap:quickinfo="Länderschlüssel"/><Property Name="landx" Type="Edm.String" MaxLength="15" sap:label="Bezeichnung" sap:quickinfo="Bezeichnung des Landes"/><Property Name="shipto_tel" Type="Edm.String" MaxLength="16" sap:display-format="UpperCase" sap:label="Telefon WE"
					sap:quickinfo="Telefonnummer des Warenempfängers (WE)"/><Property Name="kunag" Type="Edm.String" MaxLength="10" sap:display-format="UpperCase" sap:label="Auftraggeber"/><Property Name="custom_name" Type="Edm.String" MaxLength="35" sap:label="Name des AG" sap:quickinfo="Name des Auftraggebers (AG)"/><Property Name="custom_tel" Type="Edm.String" MaxLength="16" sap:display-format="UpperCase" sap:label="Telefonnr. AG"
					sap:quickinfo="Telefonnummer des Auftraggebers (AG)"/><Property Name="xicoxparnr" Type="Edm.String" MaxLength="10" sap:display-format="NonNegative" sap:label="Ansprechpartner"
					sap:quickinfo="Ansprechpartner-Nummer"/><Property Name="cntper_name" Type="Edm.String" MaxLength="35" sap:label="Ansprechpartner" sap:quickinfo="Name des Ansprechpartners"/><Property Name="cntper_tel" Type="Edm.String" MaxLength="16" sap:display-format="UpperCase" sap:label="Telefon Partner"
					sap:quickinfo="Telefonnummer des Ansprechpartners"/><Property Name="bwtar" Type="Edm.String" MaxLength="10" sap:display-format="UpperCase" sap:label="Bewertungsart"/><Property Name="oihantyp" Type="Edm.String" MaxLength="2" sap:display-format="UpperCase" sap:label="Abfertigungsart"
					sap:quickinfo="Verbrauchsteuer-Abfertigungsart"/><Property Name="docqty" Type="Edm.Decimal" Precision="13" Scale="3" sap:unit="docuom" sap:label="Positionsmenge"/><Property Name="docuom" Type="Edm.String" MaxLength="3" sap:label="ME der Position" sap:quickinfo="Mengeneinheit der Position"
					sap:semantics="unit-of-measure"/><Property Name="werks" Type="Edm.String" MaxLength="4" sap:display-format="UpperCase" sap:label="Werk"/><Property Name="werks_txt" Type="Edm.String" MaxLength="30" sap:label="Name 1" sap:quickinfo="Name"/><Property Name="lgort" Type="Edm.String" MaxLength="4" sap:display-format="UpperCase" sap:label="Lagerort"/><Property Name="vkorg" Type="Edm.String" MaxLength="4" sap:display-format="UpperCase" sap:label="Verkaufsorganisation"/><Property Name="vtweg" Type="Edm.String" MaxLength="2" sap:display-format="UpperCase" sap:label="Vertriebsweg"/><Property Name="spart" Type="Edm.String" MaxLength="2" sap:display-format="UpperCase" sap:label="Sparte"/><Property Name="mdmm" Type="Edm.String" MaxLength="3" sap:display-format="UpperCase" sap:label="MDMM"
					sap:quickinfo="Materialdispositionsmerkmal (MDMM)"/><Property Name="mdmm_docqty" Type="Edm.Decimal" Precision="13" Scale="3" sap:unit="mdmm_docuom" sap:label="Menge TLZ"
					sap:quickinfo="Menge für Top-Lieferzone"/><Property Name="mdmm_docuom" Type="Edm.String" MaxLength="3" sap:label="BME Top-Lieferzone"
					sap:quickinfo="Basismengeneinheit zum MDMM der Top-Lieferzone" sap:semantics="unit-of-measure"/><Property Name="tdlvzn" Type="Edm.String" MaxLength="20" sap:display-format="UpperCase" sap:label="Top-Lieferzone"/><Property Name="dlvzn" Type="Edm.String" MaxLength="20" sap:display-format="UpperCase" sap:label="Lieferzone"/><Property Name="idmdoctype" Type="Edm.String" MaxLength="3" sap:display-format="UpperCase" sap:label="IDM-Belegtyp"/><Property Name="pdlvdf" Type="Edm.DateTime" Precision="0" sap:display-format="Date" sap:label="Plandatum von"/><Property Name="pdlvtf" Type="Edm.Time" Precision="0" sap:label="Planzeit von"/><Property Name="pdlvdt" Type="Edm.DateTime" Precision="0" sap:display-format="Date" sap:label="Plandatum bis"/><Property Name="pdlvtt" Type="Edm.Time" Precision="0" sap:label="Planzeit bis"/><Property Name="idlvdf" Type="Edm.DateTime" Precision="0" sap:display-format="Date" sap:label="Istdatum"/><Property Name="idlvtf" Type="Edm.Time" Precision="0" sap:label="Istzeit"/><Property Name="plan_from_timestamp_db" Type="Edm.DateTimeOffset" Precision="0" sap:label="Geplant von"
					sap:quickinfo="Geplant von Zeitstempel"/><Property Name="plan_to_timestamp_db" Type="Edm.DateTimeOffset" Precision="0" sap:label="Geplant bis Zeit"
					sap:quickinfo="Geplant bis Zeitstempel"/><Property Name="actual_timestamp_db" Type="Edm.DateTimeOffset" Precision="0" sap:label="Zeitstempel aktuell"
					sap:quickinfo="Aktueller Zeitstempel"/><Property Name="plan_from_timestamp" Type="Edm.DateTimeOffset" Precision="0" sap:label="Geplant von" sap:quickinfo="Geplant von Zeitstempel"
					sap:creatable="false" sap:updatable="false"/><Property Name="plan_to_timestamp" Type="Edm.DateTimeOffset" Precision="0" sap:label="Geplant bis Zeit"
					sap:quickinfo="Geplant bis Zeitstempel" sap:creatable="false" sap:updatable="false"/><Property Name="actual_timestamp" Type="Edm.DateTimeOffset" Precision="0" sap:label="Zeitstempel aktuell"
					sap:quickinfo="Aktueller Zeitstempel" sap:creatable="false" sap:updatable="false"/><Property Name="bu_partner" Type="Edm.String" MaxLength="10" sap:display-format="UpperCase" sap:label="Geschäftspartner"
					sap:quickinfo="Geschäftspartnernummer"/><Property Name="note_drv" Type="Edm.String" MaxLength="40" sap:label="Notiz" sap:quickinfo="Kurztext der Notiz"/><Property Name="note_dsp" Type="Edm.String" MaxLength="40" sap:label="Notiz" sap:quickinfo="Kurztext der Notiz"/><Property Name="priority_db" Type="Edm.String" MaxLength="3" sap:display-format="NonNegative" sap:label="Positionspriorität"/><Property Name="priority" Type="Edm.String" MaxLength="3" sap:display-format="NonNegative" sap:label="Positionspriorität"
					sap:creatable="false" sap:updatable="false" sap:sortable="false" sap:filterable="false"/><Property Name="coll_ord_id" Type="Edm.String" MaxLength="10" sap:display-format="UpperCase" sap:label="Referenzbeleg"
					sap:quickinfo="Referenzbelegnummer"/><Property Name="ktmng" Type="Edm.Decimal" Precision="13" Scale="3" sap:unit="mdmm_docuom" sap:label="Zielmenge"/><Property Name="kdatb" Type="Edm.DateTime" Precision="0" sap:display-format="Date" sap:label="Laufzeitbeginn"/><Property Name="kdate" Type="Edm.DateTime" Precision="0" sap:display-format="Date" sap:label="Laufzeitende"/><Property Name="valid_from_timestamp_db" Type="Edm.DateTimeOffset" Precision="0" sap:label="Gültig von"
					sap:quickinfo="Gültig von Zeitstempel"/><Property Name="valid_to_timestamp_db" Type="Edm.DateTimeOffset" Precision="0" sap:label="Gültig bis" sap:quickinfo="Gültig bis Zeitstempel"/><Property Name="valid_from_timestamp" Type="Edm.DateTimeOffset" Precision="0" sap:label="Gültig von" sap:quickinfo="Gültig von Zeitstempel"
					sap:creatable="false" sap:updatable="false"/><Property Name="valid_to_timestamp" Type="Edm.DateTimeOffset" Precision="0" sap:label="Gültig bis" sap:quickinfo="Gültig bis Zeitstempel"
					sap:creatable="false" sap:updatable="false"/><Property Name="ernam" Type="Edm.String" MaxLength="12" sap:display-format="UpperCase" sap:label="Angelegt von"
					sap:quickinfo="Name des Sachbearbeiters, der das Objekt hinzugefügt hat"/><Property Name="geolon" Type="Edm.Decimal" Precision="15" Scale="12" sap:label="Längengrad" sap:quickinfo="Längengrad in Grad Ost"/><Property Name="geolat" Type="Edm.Decimal" Precision="15" Scale="12" sap:label="Breitengrad" sap:quickinfo="Breitengrad in Grad Nord"/><Property Name="chgtst" Type="Edm.DateTimeOffset" Precision="7" sap:label="Aktualisierung"
					sap:quickinfo="Zeitstempel der letzten Aktualisierung"/><Property Name="flag_del" Type="Edm.Boolean" sap:display-format="UpperCase" sap:label="Gelöscht"
					sap:quickinfo="Kennzeichen für neue IDM-Dokumente"/><Property Name="flag_new" Type="Edm.Boolean" sap:display-format="UpperCase" sap:label="Neue Belege" sap:quickinfo="Neue IDM-Belege"/><Property Name="flag_upd" Type="Edm.Boolean" sap:display-format="UpperCase" sap:label="Geänderte Belege"
					sap:quickinfo="Geänderte IDM-Belege"/><Property Name="flag_all" Type="Edm.String" MaxLength="1"/><Property Name="gdlvzn" Type="Edm.String" MaxLength="20" sap:display-format="UpperCase" sap:label="Lieferzonengruppe"/><Property Name="delay" Type="Edm.String" MaxLength="3" sap:display-format="NonNegative" sap:label="Max. Verspätung"
					sap:quickinfo="Maximal zulässige Verspätung beim WE in Minuten"/><Property Name="earliness" Type="Edm.String" MaxLength="3" sap:display-format="NonNegative" sap:label="Max. Verfrühung"
					sap:quickinfo="Maximal zulässige Verfrühung beim WE in Minuten"/><Property Name="loading_rate" Type="Edm.Decimal" Precision="6" Scale="1" sap:unit="loading_unit" sap:label="Maximale Beladerate"
					sap:quickinfo="Maximale Beladerate beim Kunden"/><Property Name="loading_unit" Type="Edm.String" MaxLength="3" sap:label="Mengeneinheit"
					sap:quickinfo="Mengeneinheit der Beladerate beim Kunden" sap:semantics="unit-of-measure"/><Property Name="post_time" Type="Edm.String" MaxLength="3" sap:display-format="NonNegative" sap:label="Abrüstzeit"
					sap:quickinfo="Abrüstzeit beim Warenempfänger in Minuten"/><Property Name="pre_time" Type="Edm.String" MaxLength="3" sap:display-format="NonNegative" sap:label="Aufrüstzeit"
					sap:quickinfo="Aufrüstzeit beim Warenempfänger in Minuten"/><Property Name="gantt_view" Type="Edm.String" MaxLength="2" sap:display-format="UpperCase" sap:label="Startansicht"
					sap:quickinfo="Startansicht für Gantt (Fahrer oder Zugfahrzeug)"/><Property Name="time_left" Type="Edm.String" MaxLength="3" sap:label="Restzeit" sap:creatable="false" sap:updatable="false"
					sap:sortable="false" sap:filterable="false"/><Property Name="begining_of_day" Type="Edm.String" MaxLength="6" sap:display-format="NonNegative"/><Property Name="end_of_day" Type="Edm.String" MaxLength="6" sap:display-format="NonNegative"/><Property Name="time_from" Type="Edm.Time" Precision="0" sap:label="" sap:quickinfo="Feld vom Typ TIMS"/><Property Name="time_to" Type="Edm.Time" MaxLength="4" Precision="4" sap:label="" sap:quickinfo="Feld vom Typ TIMS"/><Property Name="zstatus_multi" Type="Edm.String" MaxLength="10" sap:display-format="UpperCase" sap:label="MF Status"/><Property Name="zstatus_multi_txt" Type="Edm.String" MaxLength="60" sap:label="Kurzbeschreibung" sap:quickinfo="Kurztext zu Festwerten"/><Property Name="zab_notiz" Type="Edm.String" MaxLength="40" sap:display-format="UpperCase" sap:label="IDM Notiz"/><Property Name="ztrp_notiz" Type="Edm.String" MaxLength="40" sap:display-format="UpperCase" sap:label="IDM Notiz"/><Property Name="we_nummer1" Type="Edm.String" MaxLength="16" sap:display-format="UpperCase" sap:label="Telefon WE"
					sap:quickinfo="Telefonnummer des Warenempfängers (WE)"/><Property Name="quantity" Type="Edm.Decimal" Precision="13" Scale="3" sap:label="Positionsmenge"/><Property Name="telf1_ag" Type="Edm.String" MaxLength="16" sap:label="Telefon-1" sap:quickinfo="1. Telefonnummer"/><Property Name="telf2_ag" Type="Edm.String" MaxLength="16" sap:label="Telefon-2" sap:quickinfo="2. Telefonnummer"/><Property Name="stras_ag" Type="Edm.String" MaxLength="35" sap:label="Straße" sap:quickinfo="Straße und Hausnummer"/><Property Name="name1_ag" Type="Edm.String" MaxLength="35" sap:label="Name" sap:quickinfo="Name 1"/><Property Name="ort01_ag" Type="Edm.String" MaxLength="35" sap:label="Ort"/><Property Name="pstlz_ag" Type="Edm.String" MaxLength="10" sap:display-format="UpperCase" sap:label="Postleitzahl"/><Property Name="maktx" Type="Edm.String" MaxLength="40" sap:label="Materialkurztext"/><Property Name="zzwlfdt_bis" Type="Edm.DateTime" Precision="0" sap:display-format="Date" sap:label="Datum Bis" sap:quickinfo="Datum bis"/><Property Name="zzwlfdt_von" Type="Edm.DateTime" Precision="0" sap:display-format="Date" sap:label="Datum Von" sap:quickinfo="Datum von"/></EntityType>
			<EntityType Name="ZOI_IDM_MULTI_STATUS_TXTType" sap:label="Multi Status text" sap:content-version="1">
				<Key><PropertyRef Name="ddlanguage"/><PropertyRef Name="domname"/><PropertyRef Name="as4local"/><PropertyRef Name="valpos"/><PropertyRef Name="as4vers"/></Key><Property Name="ddlanguage" Type="Edm.String" Nullable="false" MaxLength="2" sap:label="Sprache" sap:quickinfo="Sprachenschlüssel"/><Property Name="domname" Type="Edm.String" Nullable="false" MaxLength="30" sap:display-format="UpperCase" sap:label="Domänenname"
					sap:quickinfo="Bezeichnung einer Domäne"/><Property Name="as4local" Type="Edm.String" Nullable="false" MaxLength="1" sap:display-format="UpperCase" sap:label="Aktivierungsstand"
					sap:quickinfo="Aktivierungsstand eines Repository-Objektes"/><Property Name="valpos" Type="Edm.String" Nullable="false" MaxLength="4" sap:display-format="NonNegative" sap:label="Werteschlüssel"
					sap:quickinfo="Werteschlüssel zu einer Domäne"/><Property Name="as4vers" Type="Edm.String" Nullable="false" MaxLength="4" sap:display-format="NonNegative" sap:label="Version"
					sap:quickinfo="Version des Eintrags (nicht benutzt)"/><Property Name="ddtext" Type="Edm.String" MaxLength="60" sap:label="Kurzbeschreibung" sap:quickinfo="Kurztext zu Festwerten"/></EntityType>
			<EntityType Name="ZOI_MULTI_STATUS_VHType" sap:label="OData-Service für Driver Filter Wertehilfe" sap:content-version="1">
				<Key><PropertyRef Name="domname"/><PropertyRef Name="as4local"/><PropertyRef Name="valpos"/><PropertyRef Name="as4vers"/></Key><Property Name="domname" Type="Edm.String" Nullable="false" MaxLength="30" sap:display-format="UpperCase" sap:label="Domänenname"
					sap:quickinfo="Bezeichnung einer Domäne"/><Property Name="as4local" Type="Edm.String" Nullable="false" MaxLength="1" sap:display-format="UpperCase" sap:label="Aktivierungsstand"
					sap:quickinfo="Aktivierungsstand eines Repository-Objektes"/><Property Name="valpos" Type="Edm.String" Nullable="false" MaxLength="4" sap:display-format="NonNegative" sap:label="Werteschlüssel"
					sap:quickinfo="Werteschlüssel zu einer Domäne"/><Property Name="as4vers" Type="Edm.String" Nullable="false" MaxLength="4" sap:display-format="NonNegative" sap:label="Version"
					sap:quickinfo="Version des Eintrags (nicht benutzt)"/><Property Name="domvalue_l" Type="Edm.String" MaxLength="10" sap:display-format="UpperCase" sap:text="domvalue_l_Text"
					sap:label="Dom.unterer_Wert" sap:quickinfo="Werte für Domänen: Einzelwert/untere Grenze"/><Property Name="domvalue_l_Text" Type="Edm.String" MaxLength="60" sap:label="Kurzbeschreibung" sap:quickinfo="Kurztext zu Festwerten"
					sap:creatable="false" sap:updatable="false"/><NavigationProperty Name="to_text" Relationship="BTL.TR_GRID_DOCUMENTS_SRV.assoc_E8E91D7AD788ECB5A6A9D33FD5B7B572"
					FromRole="FromRole_assoc_E8E91D7AD788ECB5A6A9D33FD5B7B572" ToRole="ToRole_assoc_E8E91D7AD788ECB5A6A9D33FD5B7B572"/></EntityType>
			<Association Name="assoc_E8E91D7AD788ECB5A6A9D33FD5B7B572" sap:content-version="1"><End Type="BTL.TR_GRID_DOCUMENTS_SRV.ZOI_MULTI_STATUS_VHType" Multiplicity="1" Role="FromRole_assoc_E8E91D7AD788ECB5A6A9D33FD5B7B572"/><End Type="BTL.TR_GRID_DOCUMENTS_SRV.ZOI_IDM_MULTI_STATUS_TXTType" Multiplicity="*" Role="ToRole_assoc_E8E91D7AD788ECB5A6A9D33FD5B7B572"/></Association>
			<Association Name="assoc_3EA7BCE63897ECFB060334F3EF5DE602" sap:content-version="1"><End Type="BTL.TR_GRID_DOCUMENTS_SRV.xBTLxTRL_ODATA_TRIP_HIERARType" Multiplicity="1" Role="FromRole_assoc_3EA7BCE63897ECFB060334F3EF5DE602"/><End Type="BTL.TR_GRID_DOCUMENTS_SRV.xBTLxTRL_TRIP_DOC_DISPATCHERType" Multiplicity="1" Role="ToRole_assoc_3EA7BCE63897ECFB060334F3EF5DE602"/></Association>
			<Association Name="assoc_8C342A709C2B48E4E06FE636606FEA6E" sap:content-version="1"><End Type="BTL.TR_GRID_DOCUMENTS_SRV.xBTLxTRL_ODATA_TRIP_HIERARType" Multiplicity="1" Role="FromRole_assoc_8C342A709C2B48E4E06FE636606FEA6E"/><End Type="BTL.TR_GRID_DOCUMENTS_SRV.ZOI_MULTI_STATUS_VHType" Multiplicity="*" Role="ToRole_assoc_8C342A709C2B48E4E06FE636606FEA6E"/></Association>
			<EntityContainer Name="BTL_TR_GRID_DOCUMENTS_SRV_Entities" m:IsDefaultEntityContainer="true" sap:message-scope-supported="true"
				sap:supported-formats="atom json xlsx"><EntitySet Name="xBTLxTRL_ODATA_TRIP_HIERAR" EntityType="BTL.TR_GRID_DOCUMENTS_SRV.xBTLxTRL_ODATA_TRIP_HIERARType" sap:deletable="false"
				sap:content-version="1" sap:semantics="fixed-values"/><EntitySet Name="xBTLxTRL_TRIP_DOC_DISPATCHER" EntityType="BTL.TR_GRID_DOCUMENTS_SRV.xBTLxTRL_TRIP_DOC_DISPATCHERType" sap:creatable="false"
				sap:updatable="false" sap:deletable="false" sap:content-version="1"/><EntitySet Name="ZOI_IDM_MULTI_STATUS_TXT" EntityType="BTL.TR_GRID_DOCUMENTS_SRV.ZOI_IDM_MULTI_STATUS_TXTType" sap:creatable="false"
				sap:updatable="false" sap:deletable="false" sap:content-version="1"/><EntitySet Name="ZOI_MULTI_STATUS_VH" EntityType="BTL.TR_GRID_DOCUMENTS_SRV.ZOI_MULTI_STATUS_VHType" sap:creatable="false"
				sap:updatable="false" sap:deletable="false" sap:content-version="1"/>
				<AssociationSet Name="assoc_E8E91D7AD788ECB5A6A9D33FD5B7B572" Association="BTL.TR_GRID_DOCUMENTS_SRV.assoc_E8E91D7AD788ECB5A6A9D33FD5B7B572"
					sap:creatable="false" sap:updatable="false" sap:deletable="false" sap:content-version="1"><End EntitySet="ZOI_MULTI_STATUS_VH" Role="FromRole_assoc_E8E91D7AD788ECB5A6A9D33FD5B7B572"/><End EntitySet="ZOI_IDM_MULTI_STATUS_TXT" Role="ToRole_assoc_E8E91D7AD788ECB5A6A9D33FD5B7B572"/></AssociationSet>
				<AssociationSet Name="assoc_8C342A709C2B48E4E06FE636606FEA6E" Association="BTL.TR_GRID_DOCUMENTS_SRV.assoc_8C342A709C2B48E4E06FE636606FEA6E"
					sap:creatable="false" sap:updatable="false" sap:deletable="false" sap:content-version="1"><End EntitySet="xBTLxTRL_ODATA_TRIP_HIERAR" Role="FromRole_assoc_8C342A709C2B48E4E06FE636606FEA6E"/><End EntitySet="ZOI_MULTI_STATUS_VH" Role="ToRole_assoc_8C342A709C2B48E4E06FE636606FEA6E"/></AssociationSet>
				<AssociationSet Name="assoc_3EA7BCE63897ECFB060334F3EF5DE602" Association="BTL.TR_GRID_DOCUMENTS_SRV.assoc_3EA7BCE63897ECFB060334F3EF5DE602"
					sap:creatable="false" sap:updatable="false" sap:deletable="false" sap:content-version="1"><End EntitySet="xBTLxTRL_ODATA_TRIP_HIERAR" Role="FromRole_assoc_3EA7BCE63897ECFB060334F3EF5DE602"/><End EntitySet="xBTLxTRL_TRIP_DOC_DISPATCHER" Role="ToRole_assoc_3EA7BCE63897ECFB060334F3EF5DE602"/></AssociationSet>
			</EntityContainer>
			<Annotations Target="BTL.TR_GRID_DOCUMENTS_SRV.xBTLxTRL_ODATA_TRIP_HIERARType/zstatus_multi" xmlns="http://docs.oasis-open.org/odata/ns/edm">
				<Annotation Term="Common.ValueList">
					<Record><PropertyValue Property="Label" String="OData-Service für Driver Filter Wertehilfe"/><PropertyValue Property="CollectionPath" String="ZOI_MULTI_STATUS_VH"/><PropertyValue Property="SearchSupported" Bool="false"/>
						<PropertyValue Property="Parameters">
							<Collection>
								<Record Type="Common.ValueListParameterInOut"><PropertyValue Property="LocalDataProperty" PropertyPath="zstatus_multi"/><PropertyValue Property="ValueListProperty" String="domvalue_l"/></Record>
								<Record Type="Common.ValueListParameterDisplayOnly"><PropertyValue Property="ValueListProperty" String="domname"/></Record>
								<Record Type="Common.ValueListParameterDisplayOnly"><PropertyValue Property="ValueListProperty" String="as4local"/></Record>
								<Record Type="Common.ValueListParameterDisplayOnly"><PropertyValue Property="ValueListProperty" String="valpos"/></Record>
								<Record Type="Common.ValueListParameterDisplayOnly"><PropertyValue Property="ValueListProperty" String="as4vers"/></Record>
								<Record Type="Common.ValueListParameterDisplayOnly"><PropertyValue Property="ValueListProperty" String="domvalue_l_Text"/></Record>
							</Collection>
						</PropertyValue>
					</Record>
				</Annotation>
			</Annotations>
			<Annotations Target="BTL.TR_GRID_DOCUMENTS_SRV.BTL_TR_GRID_DOCUMENTS_SRV_Entities" xmlns="http://docs.oasis-open.org/odata/ns/edm">
				<Annotation Term="Aggregation.ApplySupported">
					<Record>
						<PropertyValue Property="Transformations">
							<Collection>
								<String>aggregate</String>
								<String>groupby</String>
								<String>filter</String>
							</Collection>
						</PropertyValue><PropertyValue Property="Rollup" EnumMember="None"/></Record>
				</Annotation>
			</Annotations>
			<Annotations Target="BTL.TR_GRID_DOCUMENTS_SRV.BTL_TR_GRID_DOCUMENTS_SRV_Entities/xBTLxTRL_ODATA_TRIP_HIERAR"
				xmlns="http://docs.oasis-open.org/odata/ns/edm">
				<Annotation Term="Capabilities.FilterRestrictions">
					<Record>
						<PropertyValue Property="NonFilterableProperties">
							<Collection>
								<PropertyPath>p_from_timestamp</PropertyPath>
								<PropertyPath>p_to_timestamp</PropertyPath>
							</Collection>
						</PropertyValue>
					</Record>
				</Annotation>
				<Annotation Term="Capabilities.SortRestrictions">
					<Record>
						<PropertyValue Property="NonSortableProperties">
							<Collection>
								<PropertyPath>p_from_timestamp</PropertyPath>
								<PropertyPath>p_to_timestamp</PropertyPath>
							</Collection>
						</PropertyValue>
					</Record>
				</Annotation>
			</Annotations>
			<Annotations Target="BTL.TR_GRID_DOCUMENTS_SRV.BTL_TR_GRID_DOCUMENTS_SRV_Entities/xBTLxTRL_TRIP_DOC_DISPATCHER"
				xmlns="http://docs.oasis-open.org/odata/ns/edm">
				<Annotation Term="Capabilities.FilterRestrictions">
					<Record>
						<PropertyValue Property="NonFilterableProperties">
							<Collection>
								<PropertyPath>priority</PropertyPath>
								<PropertyPath>time_left</PropertyPath>
							</Collection>
						</PropertyValue>
					</Record>
				</Annotation>
				<Annotation Term="Capabilities.SortRestrictions">
					<Record>
						<PropertyValue Property="NonSortableProperties">
							<Collection>
								<PropertyPath>priority</PropertyPath>
								<PropertyPath>time_left</PropertyPath>
							</Collection>
						</PropertyValue>
					</Record>
				</Annotation>
			</Annotations><atom:link rel="self" href="https://dmg.migros.ch:1440/sap/opu/odata/sap/ZOI_TR_GRID_DOCUMENTS_SRV/$metadata"
				xmlns:atom="http://www.w3.org/2005/Atom"/><atom:link rel="latest-version" href="https://dmg.migros.ch:1440/sap/opu/odata/sap/ZOI_TR_GRID_DOCUMENTS_SRV/$metadata"
				xmlns:atom="http://www.w3.org/2005/Atom"/></Schema>
	</edmx:DataServices>
</edmx:Edmx>