<core:FragmentDefinition xmlns="sap.m" xmlns:mvc="sap.ui.core.mvc" xmlns:semantic="sap.f.semantic" xmlns:footerbar="sap.ushell.ui.footerbar"
	xmlns:f="sap.ui.layout.form" xmlns:layout="sap.ui.layout" xmlns:core="sap.ui.core">
	<!--<CheckBox text="{i18n>KH_TerGes}" selected="{oPreisModel>/general/k_in_Termingeschaeft}" select="onSelectTermingeschaeft">-->
	<!--	<layoutData>-->
	<!--		<layout:GridData span="L3 M3 S6" -->
	<!--			visibleXL="{= ${oPreisModel>/selectedTab} === 'sua' ? true : false}"-->
	<!--			visibleL="{= ${oPreisModel>/selectedTab} === 'sua' ? true : false}" -->
	<!--			visibleM="{= ${oPreisModel>/selectedTab} === 'sua' ? true : false}"-->
	<!--			visibleS="{= ${oPreisModel>/selectedTab} === 'sua' ? true : false}">-->
	<!--		</layout:GridData>-->
	<!--	</layoutData>-->
	<!--</CheckBox>-->
	<CheckBox text="{i18n>KH_PrvRel}" selected="{oPreisModel>/general/k_in_Provisionsrelevant}">
		<layoutData>
			<layout:GridData span="L2 M2 S6"
				visibleXL="{= ${oPreisModel>/selectedTab} === 'sua' ? false : true}"
				visibleL="{= ${oPreisModel>/selectedTab} === 'sua' ? false : true}" 
				visibleM="{= ${oPreisModel>/selectedTab} === 'sua' ? false : true}"
				visibleS="{= ${oPreisModel>/selectedTab} === 'sua' ? false : true}">
			</layout:GridData>
		</layoutData>
	</CheckBox>
	<CheckBox text="{i18n>KH_ExpZus}" selected="{oPreisModel>/general/k_in_Expresszuschlag}">
		<layoutData>
			<layout:GridData 
				span="L2 M2 S6" 
				visibleXL="true"
				visibleL="true" 
				visibleM="true"
				visibleS="true">
			</layout:GridData>
		</layoutData>
	</CheckBox>
	<CheckBox text="{i18n>KH_MyCm}" selected="{oPreisModel>/general/k_in_MyClimate}">
		<layoutData>
			<layout:GridData 
				span="L2 M2 S6" 
				visibleXL="{= ${oPreisModel>/selectedTab} === 'sua' ? false : true}"
				visibleL="{= ${oPreisModel>/selectedTab} === 'sua' ? false : true}" 
				visibleM="{= ${oPreisModel>/selectedTab} === 'sua' ? false : true}"
				visibleS="{= ${oPreisModel>/selectedTab} === 'sua' ? false : true}">
			</layout:GridData>
		</layoutData>
	</CheckBox>
	<CheckBox text="{i18n>KH_GLTer}" selected="{oPreisModel>/general/k_in_GenLiefertermin}" wrapping="true">
		<layoutData>
			<layout:GridData 
				span="L2 M2 S6"
				visibleXL="{= ${oPreisModel>/selectedTab} === 'sua' ? false : true}"
				visibleL="{= ${oPreisModel>/selectedTab} === 'sua' ? false : true}" 
				visibleM="{= ${oPreisModel>/selectedTab} === 'sua' ? false : true}"
				visibleS="{= ${oPreisModel>/selectedTab} === 'sua' ? false : true}">
			</layout:GridData>
		</layoutData>
	</CheckBox>
	<CheckBox text="{i18n>KH_RegZus}" selected="{oPreisModel>/general/k_in_Regionenzuschlag}">
		<layoutData>
			<layout:GridData span="L2 M2 S6"
				visibleXL="{= ${oPreisModel>/selectedTab} === 'sua' ? true : false}"
				visibleL="{= ${oPreisModel>/selectedTab} === 'sua' ? true : false}" 
				visibleM="{= ${oPreisModel>/selectedTab} === 'sua' ? true : false}"
				visibleS="{= ${oPreisModel>/selectedTab} === 'sua' ? true : false}">
			</layout:GridData>
		</layoutData>
	</CheckBox>
	<CheckBox text="{i18n>KH_BnzZus}" selected="{oPreisModel>/general/k_in_BenZusch}">
		<layoutData>
			<layout:GridData 
				span="L2 M2 S6" 
				visibleXL="{= ${oPreisModel>/selectedTab} === 'sua' ? true : false}"
				visibleL="{= ${oPreisModel>/selectedTab} === 'sua' ? true : false}" 
				visibleM="{= ${oPreisModel>/selectedTab} === 'sua' ? true : false}"
				visibleS="{= ${oPreisModel>/selectedTab} === 'sua' ? true : false}">
			</layout:GridData>
		</layoutData>
	</CheckBox>
	<CheckBox text="{i18n>KH_TerDinZscGes}" selected="{oPreisModel>/general/k_in_DinstZusch}">
		<layoutData>
			<layout:GridData span="L2 M2 S6"
				visibleXL="{= ${oPreisModel>/selectedTab} === 'sua' ? true : false}"
				visibleL="{= ${oPreisModel>/selectedTab} === 'sua' ? true : false}" 
				visibleM="{= ${oPreisModel>/selectedTab} === 'sua' ? true : false}"
				visibleS="{= ${oPreisModel>/selectedTab} === 'sua' ? true : false}">
			</layout:GridData>
		</layoutData>
	</CheckBox>
</core:FragmentDefinition>