<core:FragmentDefinition xmlns="sap.m" xmlns:mvc="sap.ui.core.mvc" xmlns:semantic="sap.f.semantic" xmlns:footerbar="sap.ushell.ui.footerbar"
	xmlns:f="sap.ui.layout.form" xmlns:layout="sap.ui.layout" xmlns:core="sap.ui.core">
	<Select 
		class="sapUiTinyMarginEnd" 
		showSecondaryValues="true" 
		selectedKey="{oPreisModel>/general/Auftragsgrund}"
		change="onChangeOrderReason" 
		items="{auftragsgrundModel>/}"
		valueState="{= ${oPreisModel>/generalMandatory/Auftragsgrund} &amp;&amp; ${oPreisModel>/showValidation} &amp;&amp; ${oPreisModel>/general/Auftragsgrund} === '--' ? 'Error' : 'None'}">
		<layoutData>
			<layout:GridData span="L2 M5 S12"></layout:GridData>
		</layoutData>
		<core:ListItem	
			key="{auftragsgrundModel>Auftragsgrund}" 
			text="{auftragsgrundModel>Name}" 
			additionalText="{auftragsgrundModel>Auftragsgrund}"/>
	</Select>
	<Select selectedKey="{oPreisModel>/general/Bestellkanal}" 
			class="sapUiTinyMarginEnd" 
			showSecondaryValues="true"
			change="onChangeOrderChannel" 
			autoAdjustWidth="false" 
			items="{bestellKanalModel>/}"
			valueState="{= ${oPreisModel>/generalMandatory/Bestellkanal} &amp;&amp; ${oPreisModel>/showValidation} &amp;&amp; ${oPreisModel>/general/Bestellkanal} === '--' ? 'Error' : 'None'}">
		<layoutData>
			<layout:GridData span="L2 M5 S12"></layout:GridData>
		</layoutData>
		<core:ListItem	
			key="{bestellKanalModel>Bestellkanal}" 
			text="{bestellKanalModel>Name}" 
			additionalText="{bestellKanalModel>Bestellkanal}"/>
	</Select>
</core:FragmentDefinition>