<core:FragmentDefinition xmlns="sap.m" xmlns:mvc="sap.ui.core.mvc" xmlns:semantic="sap.f.semantic" xmlns:footerbar="sap.ushell.ui.footerbar"
	xmlns:f="sap.ui.layout.form" xmlns:layout="sap.ui.layout" xmlns:core="sap.ui.core">
	<Select class="sapUiTinyMarginEnd" showSecondaryValues="true" selectedKey="{oPreisModel>/general/SalesOrganisation}" change="onChangeSalesOrg"
		items="{salesOrganisationSelectModel>/}"
		valueState="{= ${oPreisModel>/generalMandatory/SalesOrganisation} &amp;&amp; ${oPreisModel>/showValidation} &amp;&amp; ${oPreisModel>/general/SalesOrganisation} === '--' ? 'Error' : 'None'}" >
		<layoutData>
			<layout:GridData span="L2 M5 S12"></layout:GridData>
		</layoutData>
		<core:ListItem key="{salesOrganisationSelectModel>Key}" text="{salesOrganisationSelectModel>Name}"
			additionalText="{salesOrganisationSelectModel>Key}"/>
	</Select>
	<Select selectedKey="{oPreisModel>/general/DistributionChannel}" class="sapUiTinyMarginEnd" showSecondaryValues="true"
		change="onChangeDistChan" autoAdjustWidth="false" items="{distributionOptionModel>/}"
		valueState="{= ${oPreisModel>/generalMandatory/DistributionChannel} &amp;&amp; ${oPreisModel>/showValidation} &amp;&amp; ${oPreisModel>/general/DistributionChannel} === '--' ? 'Error' : 'None'}" >
		<layoutData>
			<layout:GridData span="L2 M5 S12"></layout:GridData>
		</layoutData>
		<core:ListItem key="{distributionOptionModel>Key}" text="{distributionOptionModel>Name}" additionalText="{distributionOptionModel>Key}"/>
	</Select>
	<Select selectedKey="{oPreisModel>/general/Division}" class="sapUiTinyMarginEnd" showSecondaryValues="true" change="onChangeDivision"
		autoAdjustWidth="false" items="{divisionOptionModel>/}"
		valueState="{= ${oPreisModel>/generalMandatory/Division} &amp;&amp; ${oPreisModel>/showValidation} &amp;&amp; ${oPreisModel>/general/Division} === '--' ? 'Error' : 'None'}" >
		<layoutData>
			<layout:GridData span="L2 M5 S12" indentM="2" linebreakM="true"></layout:GridData>
		</layoutData>
		<core:ListItem key="{divisionOptionModel>Key}" text="{divisionOptionModel>Name}" additionalText="{divisionOptionModel>Key}"/>
	</Select>
	<Select name="" selectedKey="{oPreisModel>/general/SalesOffice}" showSecondaryValues="true" class="sapUiTinyMarginEnd"
		change="onChangeSalesOffice" autoAdjustWidth="false" items="{salesOfficeOptionModel>/}"
		valueState="{= ${oPreisModel>/generalMandatory/SalesOffice} &amp;&amp; ${oPreisModel>/showValidation} &amp;&amp; ${oPreisModel>/general/SalesOffice} === '--' ? 'Error' : 'None'}" >
		<layoutData>
			<layout:GridData span="L2 M5 S12"></layout:GridData>
		</layoutData>
		<core:ListItem key="{salesOfficeOptionModel>Key}" text="{salesOfficeOptionModel>Name}" additionalText="{salesOfficeOptionModel>Key}"/>
	</Select>
	<Select selectedKey="{oPreisModel>/general/SalesGroup}" showSecondaryValues="true" class="sapUiTinyMarginEnd" autoAdjustWidth="false"
		items="{salesGroupSelectModel>/}"
		valueState="{= ${oPreisModel>/generalMandatory/SalesGroup} &amp;&amp; ${oPreisModel>/showValidation} &amp;&amp; ${oPreisModel>/general/SalesGroup} === '--' ? 'Error' : 'None'}" >
		<layoutData>
			<layout:GridData span="L2 M10 S12" indentM="2"></layout:GridData>
		</layoutData>
		<core:ListItem key="{salesGroupSelectModel>Key}" text="{salesGroupSelectModel>Name}" additionalText="{salesGroupSelectModel>Key}"/>
	</Select>
</core:FragmentDefinition>