<core:FragmentDefinition xmlns="sap.m" xmlns:mvc="sap.ui.core.mvc" xmlns:semantic="sap.f.semantic" xmlns:footerbar="sap.ushell.ui.footerbar"
	xmlns:f="sap.ui.layout.form" xmlns:layout="sap.ui.layout" xmlns:core="sap.ui.core">
	<VBox>
		<f:Form id="KInForm" editable="true">
			<f:title>
				<core:Title text=""/>
			</f:title>
			<f:layout>
				<f:ResponsiveGridLayout/>
			</f:layout>
			<f:formContainers>
				<f:FormContainer title="{i18n>formHeader}">
					<f:formElements>
						<f:FormElement label="{i18n>VerkaufsOrgDaten}">
							<f:fields>
								<core:Fragment fragmentName="ch.migrol.oi.PriceSimulationTool.fragments.OrganisationSelects" type="XML"/>
							</f:fields>
						</f:FormElement>
						<f:FormElement label="{i18n>orderReasonChannel}">
							<f:fields>
								<core:Fragment fragmentName="ch.migrol.oi.PriceSimulationTool.fragments.OrderReasonChannelSelects" type="XML"/>
							</f:fields>
						</f:FormElement>
						<f:FormElement label="{i18n>Postalcode}">
							<f:fields>
								<Input id="butPostalCode" value="{ path: 'oPreisModel>/but/PostalCode', type: 'sap.ui.model.type.String', constraints: { search: '((\\d+\\d+\\d+\\d)|^$)', maxLength: 4} }"
									enabled="{oPreisModel>/butView/PostalCodeEnabled}" liveChange=".onPLZKunnrLiveChange(${$source>value}, '/butView/SoldToPartyEnabled', '/but/SoldToParty')"
									placeholder="{i18n>Postalcode}" change=".onChangePostalCode(${$source>/value})" 
									valueState="{= ${oPreisModel>/butMandatory/PostalCode} &amp;&amp; ${oPreisModel>/showValidation} &amp;&amp; ${oPreisModel>/but/PostalCode} === '' ? 'Error' : 'None'}" />
								<Input value="{oPreisModel>/butView/PostalCodeCity}" enabled="false"
									placeholder="{i18n>city}" />
							</f:fields>
						</f:FormElement>
						<f:FormElement label="{i18n>KH_Kunde}">
							<f:fields>
								<Input value="{oPreisModel>/but/SoldToParty}" enabled="{oPreisModel>/butView/SoldToPartyEnabled}"
									liveChange=".onPLZKunnrLiveChange(${$source>value}, '/butView/PostalCodeEnabled', '/but/PostalCode')" placeholder="{i18n>KH_Kunde}" showSuggestion="true"
									change=".onChangeSoldToParty(${$source>/value})" showValueHelp="true" valueHelpRequest="onCustomerCreateSearchVH" submit="onKunnrSubmit"
									valueState="{= ${oPreisModel>/butMandatory/SoldToParty} &amp;&amp; ${oPreisModel>/showValidation} &amp;&amp; ${oPreisModel>/but/SoldToParty} === '' ? 'Error' : 'None'}" />
								<Input value="{oPreisModel>/butView/SoldToPartyName}" enabled="false"
									placeholder="{i18n>KH_KundeName}" />
							</f:fields>
						</f:FormElement>
						<f:FormElement label="{i18n>KH_Materialnummer}">
							<f:fields>
								<Input value="{oPreisModel>/but/MaterialNumber1}" placeholder="{i18n>KH_Materialnummer}" showSuggestion="true"
									showValueHelp="true" valueHelpRequest=".handleMaterialVH($event, 'MaterialDlg')"
									suggestionRows="{ path: '/AlternativeMaterialSet' , filters : [{ path : 'Abteilung', operator : 'EQ', value1 : 'BUT'}] }"
									change=".onChangeMaterial('1', ${$source>value})"
									valueState="{= ${oPreisModel>/butMandatory/MaterialNumber1} &amp;&amp; ${oPreisModel>/showValidation} &amp;&amp; ${oPreisModel>/but/MaterialNumber1} === '' ? 'Error' : 'None'}">
									<suggestionColumns>
										<Column>
											<Label text="{i18n>KBTResCol_Material}"/>
										</Column>
										<Column>
											<Label text="{i18n>tcDescription1}"/>
										</Column>
									</suggestionColumns>
									<suggestionRows>
										<ColumnListItem>
											<cells>
												<Label text="{MaterialNo1}"/>
												<Label text="{Description1}"/>
											</cells>
										</ColumnListItem>
									</suggestionRows>
								</Input>
								<Input value="{oPreisModel>/butView/MaterialName1}" enabled="false" />
							</f:fields>
						</f:FormElement>
						<f:FormElement label="{i18n>KH_MatNrAlt}">
							<f:fields>
								<Input id="AltMaterialNumber" value="{oPreisModel>/but/AltMaterialNumber}" placeholder="{i18n>KH_MatNrAlt}" showSuggestion="true"
									showValueHelp="true" valueHelpRequest=".handleMaterialVH($event, 'AltMaterialDlg', 2)" change=".onChangeMaterial('2', ${$source>value})"
									suggestionRows="{ path: '/AlternativeMaterialSet' , filters : [{ path : 'Abteilung', operator : 'EQ', value1 : 'BUT'}, { path : 'MaterialNo1', operator : 'EQ', value1 : '{oPreisModel>/but/MaterialNumber1}'}] }"
									valueState="{= ${oPreisModel>/butMandatory/AltMaterialNumber} &amp;&amp; ${oPreisModel>/showValidation} &amp;&amp; ${oPreisModel>/but/AltMaterialNumber} === '' ? 'Error' : 'None'}">
									<suggestionColumns>
										<Column>
											<Label text="{i18n>KBTResCol_Material}"/>
										</Column>
										<Column>
											<Label text="{i18n>tcDescription1}"/>
										</Column>
										<Column>
											<Label text="{i18n>KBTResCol_Material}"/>
										</Column>
										<Column>
											<Label text="{i18n>tcDescription2}"/>
										</Column>
									</suggestionColumns>
									<suggestionRows>
										<ColumnListItem>
											<cells>
												<Label text="{MaterialNo1}"/>
												<Label text="{Description1}"/>
												<Label text="{MaterialNo2}"/>
												<Label text="{Description2}"/>
											</cells>
										</ColumnListItem>
									</suggestionRows>
								</Input>
								<Input value="{oPreisModel>/butView/MaterialName2}" enabled="false" />
							</f:fields>
						</f:FormElement>
						<f:FormElement label="{i18n>KH_Menge}">
							<f:fields>
								<Input value="{oPreisModel>/but/Quantity}" id="Quantity" placeholder="{i18n>KH_Menge}"
									valueState="{= ${oPreisModel>/butMandatory/Quantity} &amp;&amp; ${oPreisModel>/showValidation} &amp;&amp; ${oPreisModel>/but/Quantity} === '' ? 'Error' : 'None'}" />
								<Select selectedKey="{oPreisModel>/but/UoM}" items="{unitOfMeasureModel>/but/}"
									valueState="{= ${oPreisModel>/butMandatory/UoM} &amp;&amp; ${oPreisModel>/showValidation} &amp;&amp; ${oPreisModel>/but/UoM} === '' ? 'Error' : 'None'}">
									<items>
										<core:Item text="{unitOfMeasureModel>UoM}" key="{unitOfMeasureModel>UoM}"/>
									</items>
								</Select>
							</f:fields>
						</f:FormElement>
						<f:FormElement label="{i18n>KH_DeliverDate}">
							<f:fields>
								<DatePicker id="DeliveryDateFrom" valueFormat="yyyy-MM-dd" placeholder="{i18n>From}" value="{oPreisModel>/but/DeliveryDateFrom}" change=".onDeliveryDateChange()"
									valueState="{= ${oPreisModel>/butMandatory/DeliveryDateFrom} &amp;&amp; ${oPreisModel>/showValidation} &amp;&amp; ${oPreisModel>/but/DeliveryDateFrom} === '' ? 'Error' : 'None'}" />
								<DatePicker id="DeliveryDateTo" valueFormat="yyyy-MM-dd" placeholder="{i18n>To}" value="{oPreisModel>/but/DeliveryDateTo}" change=".onDeliveryDateChange()"
									valueState="{= ${oPreisModel>/butMandatory/DeliveryDateTo} &amp;&amp; ${oPreisModel>/showValidation} &amp;&amp; ${oPreisModel>/but/DeliveryDateTo} === '' ? 'Error' : 'None'}" />
							</f:fields>
						</f:FormElement>
						<f:FormElement label="{i18n>KH_DeliverDateBusiness}">
							<f:fields>
								<DatePicker id="AltDeliveryDateFrom" valueFormat="yyyy-MM-dd" placeholder="{i18n>From}" value="{oPreisModel>/but/AltDeliveryDateFrom}" change=".onDeliveryDateChange()"
									valueState="{= ${oPreisModel>/butMandatory/AltDeliveryDateFrom} &amp;&amp; ${oPreisModel>/showValidation} &amp;&amp; ${oPreisModel>/but/AltDeliveryDateFrom} === '' ? 'Error' : 'None'}"/>
								<DatePicker id="AltDeliveryDateTo" valueFormat="yyyy-MM-dd" placeholder="{i18n>To}" value="{oPreisModel>/but/AltDeliveryDateTo}" change=".onDeliveryDateChange()"
									valueState="{= ${oPreisModel>/butMandatory/AltDeliveryDateTo} &amp;&amp; ${oPreisModel>/showValidation} &amp;&amp; ${oPreisModel>/but/AltDeliveryDateTo} === '' ? 'Error' : 'None'}"/>
							</f:fields>
						</f:FormElement>
						<f:FormElement label="">
							<f:fields>
								<core:Fragment fragmentName="ch.migrol.oi.PriceSimulationTool.fragments.CalculationCheckBoxes" type="XML"/>
							</f:fields>
						</f:FormElement>
						<f:FormElement label="">
							<f:fields>
								<Table id="KBTTable" width="auto" items="{shipToModel>/results}">
									<headerToolbar>
										<Toolbar>
											<ToolbarSpacer/>
											<Button press="onShipToTableAddPosition" text="{i18n>KButtonAddPosition}" icon="sap-icon://add-document" visible="true"/>
										</Toolbar>
									</headerToolbar>
									<columns>
										<Column id="KTableCol_PLZ" width="10%">
											<Text text="{i18n>KTableCol_PLZ}"/>
										</Column>
										<Column width="10%">
											<Text text="{i18n>shipToPartyCity}"/>
										</Column>
										<Column id="KTableCol_KunWe" width="15%">
											<Text text="{i18n>KTableCol_KunWe}"/>
										</Column>
										<Column id="KTableCol_KunWeStreet" width="15%">
											<Text text="{i18n>KTableCol_KunWeStreet}"/>
										</Column>
										<Column id="KTableCol_Ablad" width="7%">
											<Text text="{i18n>KTableCol_Ablad}"/>
										</Column>
										<Column id="KTableCol_Amount" width="10%">
											<Text text="{i18n>KTableCol_Amount}"/>
										</Column>
										<Column id="KTableCol_Unit" width="5%">
											<Text text="{i18n>KTableCol_Unit}"/>
										</Column>
										<Column width="10%">
											<Text text="{i18n>CustomerGroup}"/>
										</Column>
										<Column id="KTableCol_CouponCode" width="15%">
											<Text text="{i18n>KTableCol_CouponCode}"/>
										</Column>
										<Column id="KTableCol_DelBtn" width="3%">
											<Text text=""/>
										</Column>
									</columns>
									<items>
										<ColumnListItem>
											<cells>
												<Input editable="true" value="{shipToModel>PLZ}"
													valueState="{= ${shipToModel>mandatory/PLZ} &amp;&amp; ${shipToModel>/showValidation} &amp;&amp; ${shipToModel>PLZ} === '' ? 'Error' : 'None'}" 
													change="onShipToPartyPostalCodeChange"/>
												<Input editable="false" value="{shipToModel>ShipToPartyCity}" />
												<Input editable="true" value="{shipToModel>KunWe}" showValueHelp="true" valueHelpRequest=".onShipToPartyVH($event)"
													valueState="{= ${shipToModel>mandatory/KunWe} &amp;&amp; ${shipToModel>/showValidation} &amp;&amp; ${shipToModel>KunWe} === '' ? 'Error' : 'None'}"
													change="onChangeShipToPartyBuT"/>
												<Input editable="false" value="{shipToModel>KunWeStreet}"
													valueState="{= ${shipToModel>mandatory/KunWeStreet} &amp;&amp; ${shipToModel>/showValidation} &amp;&amp; ${shipToModel>KunWeStreet} === '' ? 'Error' : 'None'}" />
												<StepInput id="vKTableCol_Ablad" min="1" max="{shipToModel>/abladMax}" value="{shipToModel>Ablad}" change="onStepInputChange"
													editable="{= ${shipToModel>KunWe} === '' ? true : false}"/>
												<Input editable="true" value="{shipToModel>Menge}"
													valueState="{= ${shipToModel>mandatory/Menge} &amp;&amp; ${shipToModel>/showValidation} &amp;&amp; ${shipToModel>Menge} === '' ? 'Error' : 'None'}" />
												<Input editable="true" value="{shipToModel>Meins}"
													valueState="{= ${shipToModel>mandatory/Meins} &amp;&amp; ${shipToModel>/showValidation} &amp;&amp; ${shipToModel>Meins} === '' ? 'Error' : 'None'}" />
												<Input editable="false" value="{shipToModel>CustomerGroup} - {shipToModel>CustomerGroupName}"
													valueState="{= ${shipToModel>mandatory/CustomerGroup} &amp;&amp; ${shipToModel>/showValidation} &amp;&amp; ${shipToModel>CustomerGroup} === '' ? 'Error' : 'None'}" />
												<Input editable="true" value="{shipToModel>CouponCode}"
													valueState="{= ${shipToModel>mandatory/CouponCode} &amp;&amp; ${shipToModel>/showValidation} &amp;&amp; ${shipToModel>CouponCode} === '' ? 'Error' : 'None'}" />
												<Button icon="sap-icon://delete" press=".onTableRemovePosition($event, 'shipToModel')"/>
											</cells>
										</ColumnListItem>
									</items>
								</Table>
							</f:fields>
						</f:FormElement>
					</f:formElements>
				</f:FormContainer>
			</f:formContainers>
		</f:Form>
		<f:Form id="KOutForm" editable="true">
			<f:title>
				<core:Title text=""/>
			</f:title>
			<f:layout>
				<f:ResponsiveGridLayout/>
			</f:layout>
			<f:toolbar>
				<Toolbar id="ksa_In_tbr">
					<ToolbarSpacer/>
					<Button text="{i18n>Calculate}" type="Emphasized" press="onCalculateBuT"/>
				</Toolbar>
			</f:toolbar>
			<f:formContainers>
				<f:FormContainer title="{i18n>Price}">
					<f:formElements>
						<f:FormElement>
							<f:fields>
								<core:Fragment fragmentName="ch.migrol.oi.PriceSimulationTool.fragments.tables.PriceResultTableBuT" type="XML"/>
							</f:fields>
						</f:FormElement>
					</f:formElements>
				</f:FormContainer>
			</f:formContainers>
		</f:Form>
	</VBox>
</core:FragmentDefinition>