<core:FragmentDefinition xmlns="sap.m" xmlns:mvc="sap.ui.core.mvc" xmlns:semantic="sap.f.semantic" xmlns:footerbar="sap.ushell.ui.footerbar"
	xmlns:f="sap.ui.layout.form" xmlns:layout="sap.ui.layout" xmlns:core="sap.ui.core">
	<VBox>
		<f:Form id="PLZInForm" editable="true">
			<f:title>
				<core:Title text=""/>
			</f:title>
			<f:layout>
				<f:ResponsiveGridLayout/>
			</f:layout>
			<f:formContainers>
				<f:FormContainer title="{i18n>formHeader}">
					<f:formElements>
						<f:FormElement label="{i18n>VerkaufsOrgDaten}">
							<f:fields>
								<core:Fragment fragmentName="ch.migrol.oi.PriceSimulationTool.fragments.OrganisationSelects" type="XML"/>
							</f:fields>
						</f:FormElement>
						<f:FormElement label="{i18n>orderReasonChannel}">
							<f:fields>
								<core:Fragment fragmentName="ch.migrol.oi.PriceSimulationTool.fragments.OrderReasonChannelSelects" type="XML"/>
							</f:fields>
						</f:FormElement>
						<f:FormElement label="{i18n>Postalcode}">
							<f:fields>
								<Input id="glbPostalCode" value="{ path: 'oPreisModel>/glb/PostalCode', type: 'sap.ui.model.type.String', constraints: { search: '((\\d+\\d+\\d+\\d)|^$)', maxLength: 4} }"
									enabled="{oPreisModel>/glbView/PostalCodeEnabled}" liveChange=".onPLZKunnrLiveChange(${$source>value}, '/glbView/SoldToPartyEnabled', '/glb/SoldToParty')"
									placeholder="{i18n>Postalcode}" change=".onChangePostalCode(${$source>/value})" 
									valueState="{= ${oPreisModel>/glbMandatory/PostalCode} &amp;&amp; ${oPreisModel>/showValidation} &amp;&amp; ${oPreisModel>/glb/PostalCode} === '' ? 'Error' : 'None'}" />
								<Input value="{oPreisModel>/glbView/PostalCodeCity}" enabled="false"
									placeholder="{i18n>city}" />
						</f:fields>
						</f:FormElement>
						<f:FormElement label="{i18n>glbCustomer}">
							<f:fields>
								<Input value="{oPreisModel>/glb/SoldToParty}" placeholder="{i18n>glbCustomer}" showSuggestion="true" showValueHelp="true"
									enabled="{oPreisModel>/glbView/SoldToPartyEnabled}" liveChange=".onPLZKunnrLiveChange(${$source>value}, '/glbView/PostalCodeEnabled', '/glb/PostalCode')"
									change=".onChangeSoldToParty(${$source>/value})" valueHelpRequest="onCustomerCreateSearchVH" submit="onKunnrSubmit"
									valueState="{= ${oPreisModel>/glbMandatory/SoldToParty} &amp;&amp; ${oPreisModel>/showValidation} &amp;&amp; ${oPreisModel>/glb/SoldToParty} === '' ? 'Error' : 'None'}"/>
								<Input value="{oPreisModel>/glbView/SoldToPartyName}" enabled="false" placeholder="{i18n>KH_KundeName}"/>
							</f:fields>
						</f:FormElement>
						<f:FormElement label="{i18n>glbMaterialNo}">
							<f:fields>
								<Input value="{oPreisModel>/glb/MaterialNumber1}" placeholder="{i18n>glbMaterialNo}" showValueHelp="true"
									valueHelpRequest=".handleMaterialVH($event, 'Material1Dlg')" change=".onChangeMaterial('1', ${$source>value})"
									valueState="{= ${oPreisModel>/glbMandatory/MaterialNumber1} &amp;&amp; ${oPreisModel>/showValidation} &amp;&amp; ${oPreisModel>/glb/MaterialNumber1} === '' ? 'Error' : 'None'}"/>
								<Input value="{oPreisModel>/glbView/MaterialName1}" enabled="false"/>
							</f:fields>
						</f:FormElement>
						<f:FormElement label="{i18n>glbAltMaterialNo}">
							<f:fields>
								<Input value="{oPreisModel>/glb/MaterialNumber2}" placeholder="{i18n>glbAltMaterialNo}" showValueHelp="true"
									valueHelpRequest=".handleMaterialVH($event, 'Material2Dlg', 2)" change=".onChangeMaterial('2', ${$source>value})"
									valueState="{= ${oPreisModel>/glbMandatory/MaterialNumber2} &amp;&amp; ${oPreisModel>/showValidation} &amp;&amp; ${oPreisModel>/glb/MaterialNumber2} === '' ? 'Error' : 'None'}"/>
								<Input value="{oPreisModel>/glbView/MaterialName2}" enabled="false"/>
							</f:fields>
						</f:FormElement>
						<f:FormElement label="{i18n>glbMenge}">
							<f:fields>
								<Input value="{oPreisModel>/glb/Quantity}" placeholder="{i18n>glbMenge}"
									valueState="{= ${oPreisModel>/glbMandatory/Quantity} &amp;&amp; ${oPreisModel>/showValidation} &amp;&amp; ${oPreisModel>/glb/Quantity} === '' ? 'Error' : 'None'}"/>
								<Select selectedKey="{oPreisModel>/glb/UoM}" items="{unitOfMeasureModel>/glb/}"
									valueState="{= ${oPreisModel>/glbMandatory/UoM} &amp;&amp; ${oPreisModel>/showValidation} &amp;&amp; ${oPreisModel>/glb/UoM} === '' ? 'Error' : 'None'}">
									<items>
										<core:Item text="{unitOfMeasureModel>UoM}" key="{unitOfMeasureModel>UoM}"/>
									</items>
								</Select>
							</f:fields>
						</f:FormElement>
						<f:FormElement label="{i18n>KH_DeliverDate}" >
							<f:fields>
								<DatePicker valueFormat="yyyy-MM-dd" value="{oPreisModel>/glb/DeliveryDateFrom}" placeholder="{i18n>glbDeliverDateFrom}" change=".onDeliveryDateChange()"
									valueState="{= ${oPreisModel>/glbMandatory/DeliveryDateFrom} &amp;&amp; ${oPreisModel>/showValidation} &amp;&amp; ${oPreisModel>/glb/DeliveryDateFrom} === '' ? 'Error' : 'None'}"/>
								<DatePicker valueFormat="yyyy-MM-dd" value="{oPreisModel>/glb/DeliveryDateTo}" placeholder="{i18n>glbDeliverDateTo}" change=".onDeliveryDateChange()"
									valueState="{= ${oPreisModel>/glbMandatory/DeliveryDateTo} &amp;&amp; ${oPreisModel>/showValidation} &amp;&amp; ${oPreisModel>/glb/DeliveryDateTo} === '' ? 'Error' : 'None'}"/>
							</f:fields>
						</f:FormElement>
						<f:FormElement label="{i18n>KH_DeliverDateBusiness}">
							<f:fields>
								<DatePicker valueFormat="yyyy-MM-dd" value="{oPreisModel>/glb/AltDeliveryDateFrom}" placeholder="{i18n>glbDeliverDateFrom}" change=".onDeliveryDateChange()"
									valueState="{= ${oPreisModel>/glbMandatory/AltDeliveryDateFrom} &amp;&amp; ${oPreisModel>/showValidation} &amp;&amp; ${oPreisModel>/glb/AltDeliveryDateFrom} === '' ? 'Error' : 'None'}"/>
								<DatePicker valueFormat="yyyy-MM-dd" value="{oPreisModel>/glb/AltDeliveryDateTo}" placeholder="{i18n>glbDeliverDateTo}" change=".onDeliveryDateChange()"
									valueState="{= ${oPreisModel>/glbMandatory/AltDeliveryDateTo} &amp;&amp; ${oPreisModel>/showValidation} &amp;&amp; ${oPreisModel>/glb/AltDeliveryDateTo} === '' ? 'Error' : 'None'}"/>
							</f:fields>
						</f:FormElement>
						<f:FormElement label="">
							<f:fields>
								<core:Fragment fragmentName="ch.migrol.oi.PriceSimulationTool.fragments.CalculationCheckBoxes" type="XML"/>
							</f:fields>
						</f:FormElement>
						<f:FormElement label="">
							<f:fields>
								<Table items="{postalCodeModel>/results}">
									<headerToolbar>
										<Toolbar>
											<ToolbarSpacer/>
											<Button press="onPostalCodeTableAddPosition" text="{i18n>KButtonAddPosition}" icon="sap-icon://add-document" visible="true"/>
										</Toolbar>
									</headerToolbar>
									<columns>
										<Column width ="15%">
											<Text text="{i18n>glbPostalCodeTableColPLZ}"/>
										</Column>
										<Column width = "15%">
											<Text text="{i18n>glbPostalCodeTableColCity}"/>
										</Column>
										<Column width="15%">
											<Text text="{i18n>glbPostalCodeColAblad}"/>
										</Column>
										<Column width="15%">
											<Text text="{i18n>glbPostalCodeColAmount}"/>
										</Column>
										<Column width="10%">
											<Text text="{i18n>glbPostalCodeColUnit}"/>
										</Column>
										<Column width="15%">
											<Text text="{i18n>glbPostalCodeColCouponCode}"/>
										</Column>
										<Column width="15%">
											<Text text=""/>
										</Column>
									</columns>
									<items>
										<ColumnListItem>
											<cells>
												<Input value="{postalCodeModel>PostalCode}"
													valueState="{= ${postalCodeModel>mandatory/PostalCode} &amp;&amp; ${postalCodeModel>/showValidation} &amp;&amp; ${postalCodeModel>PostalCode} === '' ? 'Error' : 'None'}"
													change="onGlobalPostalCodeChange"/>
												<Input value="{postalCodeModel>PostalCodeCity}" enabled="false" placeholder="{i18n>city}" />
												<StepInput min="1" value="{postalCodeModel>Anzahl}" max="{postalCodeModel>/abladMax}" change="onStepInputChange"/>
												<Input editable="true" value="{postalCodeModel>Quantity}"
													   valueState="{= ${postalCodeModel>mandatory/Quantity} &amp;&amp; ${postalCodeModel>/showValidation} &amp;&amp; ${postalCodeModel>Quantity} === '' ? 'Error' : 'None'}"/>
												<Input editable="true" value="{postalCodeModel>UoM}" 
													   valueState="{= ${postalCodeModel>mandatory/UoM} &amp;&amp; ${postalCodeModel>/showValidation} &amp;&amp; ${postalCodeModel>UoM} === '' ? 'Error' : 'None'}"/>
												<Input value="{postalCodeModel>CouponeCode}"
													enabled = "false"
													valueState="{= ${postalCodeModel>mandatory/CouponeCode} &amp;&amp; ${postalCodeModel>/showValidation} &amp;&amp; ${postalCodeModel>CouponeCode} === '' ? 'Error' : 'None'}"/>
												<Button icon="sap-icon://delete" press=".onTableRemovePosition($event, 'postalCodeModel')" tooltip="Delete"/>
											</cells>
										</ColumnListItem>
									</items>
								</Table>
							</f:fields>
						</f:FormElement>
					</f:formElements>
				</f:FormContainer>
			</f:formContainers>
		</f:Form>
		<f:Form id="PLZOutForm" editable="true">
			<f:title>
				<core:Title text=""/>
			</f:title>
			<f:toolbar>
				<Toolbar id="PLZIn_tbr">
					<ToolbarSpacer/>
					<Button text="{i18n>Calculate}" type="Emphasized" press="onCalculateGlb"/>
				</Toolbar>
			</f:toolbar>
			<f:layout>
				<f:ResponsiveGridLayout/>
			</f:layout>
			<f:formContainers>
				<f:FormContainer title="{i18n>Price} {E_NetPrice}">
					<f:formElements>
						<f:FormElement>
							<f:fields>
								<core:Fragment fragmentName="ch.migrol.oi.PriceSimulationTool.fragments.tables.PriceResultTableGLB" type="XML"/>
							</f:fields>
						</f:FormElement>
					</f:formElements>
				</f:FormContainer>
			</f:formContainers>
		</f:Form>
	</VBox>
</core:FragmentDefinition>