<core:FragmentDefinition xmlns="sap.m" xmlns:mvc="sap.ui.core.mvc" xmlns:semantic="sap.f.semantic" xmlns:footerbar="sap.ushell.ui.footerbar"
	xmlns:f="sap.ui.layout.form" xmlns:layout="sap.ui.layout" xmlns:core="sap.ui.core">
	<VBox>
		<f:Form id="KInFormSA" editable="true">
			<f:title>
				<core:Title text=""/>
			</f:title>
			<f:layout>
				<f:ResponsiveGridLayout/>
			</f:layout>
			<f:formContainers>
				<f:FormContainer title="{i18n>formHeader}">
					<f:formElements>
						<f:FormElement label="{i18n>VerkaufsOrgDaten}">
							<f:fields>
								<core:Fragment fragmentName="ch.migrol.oi.PriceSimulationTool.fragments.OrganisationSelects" type="XML"/>
							</f:fields>
						</f:FormElement>
						<f:FormElement label="{i18n>orderReasonChannel}">
							<f:fields>
								<core:Fragment fragmentName="ch.migrol.oi.PriceSimulationTool.fragments.OrderReasonChannelSelects" type="XML"/>
							</f:fields>
						</f:FormElement>
						<f:FormElement label="{i18n>Postalcode}">
							<f:fields>
								<Input id="suaPostalCode"
									value="{ path: 'oPreisModel>/sua/PostalCode', type: 'sap.ui.model.type.String', constraints: { search: '((\\d+\\d+\\d+\\d)|^$)', maxLength: 4} }"
									enabled="{oPreisModel>/suaView/PostalCodeEnabled}"
									liveChange=".onPLZKunnrLiveChange(${$source>value}, '/suaView/SoldToPartyEnabled', '/sua/SoldToParty')" placeholder="{i18n>Postalcode}"
									change=".onChangePostalCode(${$source>/value})"
									valueState="{= ${oPreisModel>/suaMandatory/PostalCode} &amp;&amp; ${oPreisModel>/showValidation} &amp;&amp; ${oPreisModel>/sua/PostalCode} === '' ? 'Error' : 'None'}"/>
								<Input value="{oPreisModel>/suaView/PostalCodeCity}" enabled="false" placeholder="{i18n>city}"/>
							</f:fields>
						</f:FormElement>
						<f:FormElement label="{i18n>KH_Kunde}">
							<f:fields>
								<Input value="{oPreisModel>/sua/SoldToParty}" enabled="{oPreisModel>/suaView/SoldToPartyEnabled}"
									liveChange=".onPLZKunnrLiveChange(${$source>value}, '/suaView/PostalCodeEnabled', '/sua/PostalCode')" placeholder="{i18n>KH_Kunde}"
									showSuggestion="true" change=".onChangeSoldToParty(${$source>/value})" showValueHelp="true" valueHelpRequest="onCustomerCreateSearchVH"
									submit="onKunnrSubmit"
									valueState="{= ${oPreisModel>/suaMandatory/SoldToParty} &amp;&amp; ${oPreisModel>/showValidation} &amp;&amp; ${oPreisModel>/sua/SoldToParty} === '' ? 'Error' : 'None'}"/>
								<Input value="{oPreisModel>/suaView/SoldToPartyName}" enabled="false" placeholder="{i18n>KH_KundeName}"/>
							</f:fields>
						</f:FormElement>
						<f:FormElement label="{i18n>ShiptToParty}">
							<f:fields>
								<Input value="{oPreisModel>/sua/ShipToParty}" placeholder="{i18n>ShiptToParty}" showValueHelp="true" valueHelpRequest=".onShipToPartyVH"
									valueState="{= ${oPreisModel>/suaMandatory/ShipToParty} &amp;&amp; ${oPreisModel>/showValidation} &amp;&amp; ${oPreisModel>/sua/ShipToParty} === '' &amp;&amp; ${oPreisModel>/sua/PostalCode} === '' ? 'Error' : 'None'}"/>
							</f:fields>
						</f:FormElement>
						<f:FormElement label="{i18n>EquipmentNo}">
							<f:fields>
								<Input value="{oPreisModel>/sua/Equipment}" placeholder="{i18n>EquipmentNo}" showValueHelp="true" valueHelpRequest="onEquipmentVH"
									valueState="{= ${oPreisModel>/suaMandatory/Equipment} &amp;&amp; ${oPreisModel>/showValidation} &amp;&amp; ${oPreisModel>/sua/Equipment} === '' ? 'Error' : 'None'}"/>
							</f:fields>
						</f:FormElement>
						<f:FormElement label="{i18n>Equipment}">
							<f:fields>
								<Select selectedKey="{oPreisModel>/sua/EquipCategory}"
									valueState="{= ${oPreisModel>/suaMandatory/EquipCategory} &amp;&amp; ${oPreisModel>/showValidation} &amp;&amp; ${oPreisModel>/sua/EquipCategory} === '' ? 'Error' : 'None'}"
									change=".emptyEquipmentNumber()">
									<layoutData>
										<layout:GridData span="L2 M2 S12"></layout:GridData>
									</layoutData>
									<items>
										<core:Item text="--" key=""/>
										<core:Item text="{i18n>BoilerText}" key="C"/>
										<core:Item text="{i18n>TankText}" key="T"/>
									</items>
								</Select>
								<Input value="{oPreisModel>/sua/BoilerVolume}" placeholder="{i18n>EquipmentBoilerVol}"
									valueState="{= ${oPreisModel>/equipmentMandatoryBoiler/BoilerVolume} &amp;&amp; ${oPreisModel>/showValidationEquipment} &amp;&amp; ${oPreisModel>/sua/BoilerVolume} === '' ? 'Error' : 'None'}"
									change=".onEquipDetailsChange($event)">
									<layoutData>
										<layout:GridData span="L2 M2 S12" visibleXL="{= ${oPreisModel>/sua/EquipCategory} === 'C'}"
											visibleL="{= ${oPreisModel>/sua/EquipCategory} === 'C'}" visibleM="{= ${oPreisModel>/sua/EquipCategory} === 'C'}"
											visibleS="{= ${oPreisModel>/sua/EquipCategory} === 'C'}"></layout:GridData>
									</layoutData>
								</Input>
								<Input value="{oPreisModel>/sua/BoilerSize}" placeholder="{i18n>EquipmentBoilerSize}"
									valueState="{= ${oPreisModel>/equipmentMandatoryBoiler/BoilerSize} &amp;&amp; ${oPreisModel>/showValidationEquipment} &amp;&amp; ${oPreisModel>/sua/BoilerSize} === '' ? 'Error' : 'None'}"
									valueHelpRequest=".onBoilerSizeVH($event)" showValueHelp="true" change=".emptyEquipmentNumber()">
									<layoutData>
										<layout:GridData span="L3 M3 S12" visibleXL="{= ${oPreisModel>/sua/EquipCategory} === 'C'}"
											visibleL="{= ${oPreisModel>/sua/EquipCategory} === 'C'}" visibleM="{= ${oPreisModel>/sua/EquipCategory} === 'C'}"
											visibleS="{= ${oPreisModel>/sua/EquipCategory} === 'C'}"></layout:GridData>
									</layoutData>
								</Input>
								<Input value="{oPreisModel>/suaView/EquipmentSizeDescr}" enabled="false" placeholder=""
									visible="{= ${oPreisModel>/sua/EquipCategory} === 'C'}">
									<layoutData>
										<layout:GridData span="L3 M3 S12"></layout:GridData>
									</layoutData>
								</Input>
								<Input value="{oPreisModel>/sua/VolumeUnit}" placeholder="{i18n>EquipmentSingleVol}" visible="{= ${oPreisModel>/sua/EquipCategory} === 'T'}"
									valueState="{= ${oPreisModel>/equipmentMandatoryTank/VolumeUnit} &amp;&amp; ${oPreisModel>/showValidationEquipment} &amp;&amp; ${oPreisModel>/sua/VolumeUnit} === '' ? 'Error' : 'None'}"
									change=".onEquipDetailsChange($event)">
									<layoutData>
										<layout:GridData span="L1 M1 S12" indentXL="2" indentL="2" indentM="2" linebreakXL="true" linebreakL="true" linebreakM="true"></layout:GridData>
									</layoutData>
								</Input>
								<Input value="{oPreisModel>/sua/VolumeTotal}" placeholder="{i18n>EquipmentTotalVol}" visible="{= ${oPreisModel>/sua/EquipCategory} === 'T'}"
									valueState="{= ${oPreisModel>/equipmentMandatoryTank/VolumeTotal} &amp;&amp; ${oPreisModel>/showValidationEquipment} &amp;&amp; ${oPreisModel>/sua/VolumeTotal} === '' ? 'Error' : 'None'}"
									change=".emptyEquipmentNumber()">
									<layoutData>
										<layout:GridData span="L1 M1 S12"></layout:GridData>
									</layoutData>
								</Input>
								<Input value="{oPreisModel>/sua/TankCount}" placeholder="{i18n>EquipmentCount}" visible="{= ${oPreisModel>/sua/EquipCategory} === 'T'}"
									valueState="{= ${oPreisModel>/equipmentMandatoryTank/TankCount} &amp;&amp; ${oPreisModel>/showValidationEquipment} &amp;&amp; ${oPreisModel>/sua/TankCount} === '' ? 'Error' : 'None'}"
									change=".onEquipDetailsChange($event)">
									<layoutData>
										<layout:GridData span="L1 M1 S12"></layout:GridData>
									</layoutData>
								</Input>
								<Select selectedKey="{oPreisModel>/sua/Lagergut}" items="{lagergutModel>/results/}" visible="{= ${oPreisModel>/sua/EquipCategory} === 'T'}" 
									valueState="{= ${oPreisModel>/equipmentMandatoryTank/Lagergut} &amp;&amp; ${oPreisModel>/showValidationEquipment} &amp;&amp; ${oPreisModel>/sua/Lagergut} === '' ? 'Error' : 'None'}"
									change=".emptyEquipmentNumber()">
									<core:ListItem key="{lagergutModel>Key}" text="{lagergutModel>Name}"/>
									<layoutData>
										<layout:GridData span="L3 M3 S12"></layout:GridData>
									</layoutData>
								</Select>
								<Input value="{oPreisModel>/sua/TankSize}" placeholder="{i18n>EquipmentTankSize}" visible="{= ${oPreisModel>/sua/EquipCategory} === 'T'}"
									valueState="{= ${oPreisModel>/equipmentMandatoryTank/TankSize} &amp;&amp; ${oPreisModel>/showValidationEquipment} &amp;&amp; ${oPreisModel>/sua/TankSize} === '' ? 'Error' : 'None'}"
									valueHelpRequest=".onTankSizeVH($event)" showValueHelp="true" change=".emptyEquipmentNumber()">
									<layoutData>
										<layout:GridData span="L2 M2 S12"></layout:GridData>
									</layoutData>
								</Input>
								<Input value="{oPreisModel>/suaView/EquipmentSizeDescr}" enabled="false" placeholder=""
									visible="{= ${oPreisModel>/sua/EquipCategory} === 'T'}">
									<layoutData>
										<layout:GridData span="L2 M2 S12"></layout:GridData>
									</layoutData>
								</Input>
							</f:fields>
						</f:FormElement>
						<f:FormElement label="{i18n>Material1}">
							<f:fields>
								<Input value="{oPreisModel>/sua/MaterialNumber1}" placeholder="{i18n>Material1}" showSuggestion="true" showValueHelp="true"
									valueHelpRequest=".handleMaterialVH($event, 'Material1Dlg', 1)" change=".onChangeMaterial('1', ${$source>value})"
									valueState="{= ${oPreisModel>/suaMandatory/MaterialNumber1} &amp;&amp; ${oPreisModel>/showValidation} &amp;&amp; ${oPreisModel>/sua/MaterialNumber1} === '' ? 'Error' : 'None'}"/>
								<Input value="{oPreisModel>/suaView/MaterialName1}" enabled="false"/>
								<Input value="{oPreisModel>/sua/Quantity1}" placeholder="{i18n>KH_Menge} 1"
									valueState="{= ${oPreisModel>/suaMandatory/Quantity1} &amp;&amp; ${oPreisModel>/showValidation} &amp;&amp; ${oPreisModel>/sua/Quantity1} === '' ? 'Error' : 'None'}"/>
								<Select id="ksa_in_UoM1" selectedKey="{oPreisModel>/sua/UoM1}" items="{unitOfMeasureModel>/sua/material1/}"
									valueState="{= ${oPreisModel>/suaMandatory/UoM1} &amp;&amp; ${oPreisModel>/showValidation} &amp;&amp; ${oPreisModel>/sua/UoM1} === '' ? 'Error' : 'None'}">
									<items>
										<core:Item text="{unitOfMeasureModel>UoM}" key="{unitOfMeasureModel>UoM}"/>
									</items>
								</Select>
								<Input value="{oPreisModel>/sua/CouponeCode1}" placeholder="{i18n>CouponCode}"
									valueState="{= ${oPreisModel>/suaMandatory/CouponeCode1} &amp;&amp; ${oPreisModel>/showValidation} &amp;&amp; ${oPreisModel>/sua/CouponeCode1} === '' ? 'Error' : 'None'}"/>
							</f:fields>
						</f:FormElement>
						<f:FormElement label="{i18n>Material2}">
							<f:fields>
								<Input value="{oPreisModel>/sua/MaterialNumber2}" placeholder="{i18n>Material2}" showSuggestion="true" showValueHelp="true"
									valueHelpRequest=".handleMaterialVH($event, 'Material2Dlg', 2)" change=".onChangeMaterial('2', ${$source>value})"
									valueState="{= ${oPreisModel>/suaMandatory/MaterialNumber2} &amp;&amp; ${oPreisModel>/showValidation} &amp;&amp; ${oPreisModel>/sua/MaterialNumber2} === '' ? 'Error' : 'None'}"/>
								<Input value="{oPreisModel>/suaView/MaterialName2}" enabled="false"/>
								<Input value="{oPreisModel>/sua/Quantity2}" placeholder="{i18n>KH_Menge} 2"
									valueState="{= ${oPreisModel>/suaMandatory/Quantity2} &amp;&amp; ${oPreisModel>/showValidation} &amp;&amp; ${oPreisModel>/sua/Quantity2} === '' ? 'Error' : 'None'}"/>
								<Select id="ksa_in_UoM2" selectedKey="{oPreisModel>/sua/UoM2}" items="{unitOfMeasureModel>/sua/material2/}"
									valueState="{= ${oPreisModel>/suaMandatory/UoM2} &amp;&amp; ${oPreisModel>/showValidation} &amp;&amp; ${oPreisModel>/sua/UoM2} === '' ? 'Error' : 'None'}">
									<items>
										<core:Item text="{unitOfMeasureModel>UoM}" key="{unitOfMeasureModel>UoM}"/>
									</items>
								</Select>
								<Input value="{oPreisModel>/sua/CouponeCode2}" placeholder="{i18n>CouponCode}"
									valueState="{= ${oPreisModel>/suaMandatory/CouponeCode2} &amp;&amp; ${oPreisModel>/showValidation} &amp;&amp; ${oPreisModel>/sua/CouponeCode2} === '' ? 'Error' : 'None'}"/>
							</f:fields>
						</f:FormElement>
						<f:FormElement label="{i18n>Material3}">
							<f:fields>
								<Input value="{oPreisModel>/sua/MaterialNumber3}" placeholder="{i18n>Material3}" showSuggestion="true" showValueHelp="true"
									valueHelpRequest=".handleMaterialVH($event, 'Material3Dlg', 3)" change=".onChangeMaterial('3', ${$source>value})"
									valueState="{= ${oPreisModel>/suaMandatory/MaterialNumber3} &amp;&amp; ${oPreisModel>/showValidation} &amp;&amp; ${oPreisModel>/sua/MaterialNumber3} === '' ? 'Error' : 'None'}"/>
								<Input value="{oPreisModel>/suaView/MaterialName3}" enabled="false"/>
								<Input value="{oPreisModel>/sua/Quantity3}" placeholder="{i18n>KH_Menge} 3"/>
								<Select id="ksa_in_UoM3" selectedKey="{oPreisModel>/sua/UoM3}" items="{unitOfMeasureModel>/sua/material3/}"
									valueState="{= ${oPreisModel>/suaMandatory/UoM3} &amp;&amp; ${oPreisModel>/showValidation} &amp;&amp; ${oPreisModel>/sua/UoM3} === '' ? 'Error' : 'None'}">
									<items>
										<core:Item text="{unitOfMeasureModel>UoM}" key="{unitOfMeasureModel>UoM}"/>
									</items>
								</Select>
								<Input value="{oPreisModel>/sua/CouponeCode3}" placeholder="{i18n>CouponCode}"
									valueState="{= ${oPreisModel>/suaMandatory/CouponeCode3} &amp;&amp; ${oPreisModel>/showValidation} &amp;&amp; ${oPreisModel>/sua/CouponeCode3} === '' ? 'Error' : 'None'}"/>
							</f:fields>
						</f:FormElement>
						<f:FormElement label="{i18n>KH_DeliverDate}">
							<f:fields>
								<DatePicker value="{oPreisModel>/sua/DeliveryDateFrom}" valueFormat="yyyy-MM-dd" id="ksa_in_DelDateFrom" placeholder="{i18n>From}"
									change="handleChange"
									valueState="{= ${oPreisModel>/suaMandatory/DeliveryDateFrom} &amp;&amp; ${oPreisModel>/showValidation} &amp;&amp; ${oPreisModel>/sua/DeliveryDateFrom} === '' ? 'Error' : 'None'}"/>
								<DatePicker value="{oPreisModel>/sua/DeliveryDateTo}" valueFormat="yyyy-MM-dd" id="ksa_in_DeliveryDateTo" placeholder="{i18n>To}"
									valueState="{= ${oPreisModel>/suaMandatory/DeliveryDateTo} &amp;&amp; ${oPreisModel>/showValidation} &amp;&amp; ${oPreisModel>/sua/DeliveryDateTo} === '' ? 'Error' : 'None'}"/>
							</f:fields>
						</f:FormElement>
						<f:FormElement label="">
							<f:fields>
								<core:Fragment fragmentName="ch.migrol.oi.PriceSimulationTool.fragments.CalculationCheckBoxes" type="XML"/>
							</f:fields>
						</f:FormElement>
					</f:formElements>
				</f:FormContainer>
			</f:formContainers>
		</f:Form>
		<f:Form id="ksa_OutForm" editable="true">
			<f:title>
				<core:Title text=""/>
			</f:title>
			<f:layout>
				<f:ResponsiveGridLayout/>
			</f:layout>
			<f:toolbar>
				<Toolbar id="ksa_TableCol">
					<ToolbarSpacer/>
					<Button text="{i18n>Calculate}" type="Emphasized" press="onCalculateSuA"/>
				</Toolbar>
			</f:toolbar>
			<f:formContainers>
				<f:FormContainer title="{i18n>Price} ">
					<f:formElements>
						<f:FormElement>
							<f:fields>
								<core:Fragment fragmentName="ch.migrol.oi.PriceSimulationTool.fragments.tables.PriceResultTableSuA" type="XML"/>
							</f:fields>
						</f:FormElement>
					</f:formElements>
				</f:FormContainer>
			</f:formContainers>
		</f:Form>
	</VBox>
</core:FragmentDefinition>