<edmx:Edmx xmlns:edmx="http://schemas.microsoft.com/ado/2007/06/edmx"
	xmlns:m="http://schemas.microsoft.com/ado/2007/08/dataservices/metadata" xmlns:sap="http://www.sap.com/Protocols/SAPData" Version="1.0">
	<edmx:DataServices m:DataServiceVersion="2.0">
		<Schema xmlns="http://schemas.microsoft.com/ado/2008/09/edm" Namespace="ZOI_PREISSIMULATION_SRV" xml:lang="de" sap:schema-version="1">
			<EntityType Name="BusinessPartnerSearch" sap:content-version="1">
				<Key><PropertyRef Name="Partner"/></Key><Property Name="Partner" Type="Edm.String" Nullable="false" MaxLength="10" sap:unicode="false" sap:label="GeschPartner"
					sap:creatable="false" sap:updatable="false" sap:sortable="false" sap:filterable="false"/><Property Name="Rltyp" Type="Edm.String" Nullable="false" MaxLength="6" sap:unicode="false" sap:label="GP-Rolle" sap:creatable="false"
					sap:updatable="false" sap:sortable="false" sap:filterable="false"/><Property Name="Mid" Type="Edm.String" Nullable="false" MaxLength="36" sap:unicode="false" sap:label="M-ID" sap:creatable="false"
					sap:updatable="false" sap:sortable="false" sap:filterable="false"/><Property Name="Cumulusno" Type="Edm.String" Nullable="false" MaxLength="13" sap:unicode="false" sap:creatable="false" sap:updatable="false"
					sap:sortable="false" sap:filterable="false"/><Property Name="Title" Type="Edm.String" Nullable="false" MaxLength="4" sap:unicode="false" sap:label="Anrede" sap:creatable="false"
					sap:updatable="false" sap:sortable="false" sap:filterable="false"/><Property Name="Name1" Type="Edm.String" Nullable="false" MaxLength="40" sap:unicode="false" sap:label="Name" sap:creatable="false"
					sap:updatable="false" sap:sortable="false" sap:filterable="false"/><Property Name="Name2" Type="Edm.String" Nullable="false" MaxLength="40" sap:unicode="false" sap:label="Name 2" sap:creatable="false"
					sap:updatable="false" sap:sortable="false" sap:filterable="false"/><Property Name="Pstlz" Type="Edm.String" Nullable="false" MaxLength="10" sap:unicode="false" sap:label="Postleitzahl" sap:creatable="false"
					sap:updatable="false" sap:sortable="false" sap:filterable="false"/><Property Name="Region" Type="Edm.String" Nullable="false" MaxLength="3" sap:unicode="false" sap:label="Region" sap:creatable="false"
					sap:updatable="false" sap:sortable="false" sap:filterable="false"/><Property Name="Country" Type="Edm.String" Nullable="false" MaxLength="3" sap:unicode="false" sap:label="Land" sap:creatable="false"
					sap:updatable="false" sap:sortable="false" sap:filterable="false"/><Property Name="City1" Type="Edm.String" Nullable="false" MaxLength="40" sap:unicode="false" sap:label="Ort" sap:creatable="false"
					sap:updatable="false" sap:sortable="false" sap:filterable="false"/><Property Name="Stras" Type="Edm.String" Nullable="false" MaxLength="60" sap:unicode="false" sap:label="Straße" sap:creatable="false"
					sap:updatable="false" sap:sortable="false" sap:filterable="false"/><Property Name="HouseNum1" Type="Edm.String" Nullable="false" MaxLength="10" sap:unicode="false" sap:label="Hausnummer"
					sap:creatable="false" sap:updatable="false" sap:sortable="false" sap:filterable="false"/><Property Name="City2" Type="Edm.String" Nullable="false" MaxLength="40" sap:unicode="false" sap:label="Ortsteil" sap:creatable="false"
					sap:updatable="false" sap:sortable="false" sap:filterable="false"/><Property Name="Telf1" Type="Edm.String" Nullable="false" MaxLength="16" sap:unicode="false" sap:label="Telefon-1" sap:creatable="false"
					sap:updatable="false" sap:sortable="false" sap:filterable="false"/><Property Name="Telf2" Type="Edm.String" Nullable="false" MaxLength="16" sap:unicode="false" sap:label="Telefon-2" sap:creatable="false"
					sap:updatable="false" sap:sortable="false" sap:filterable="false"/><Property Name="Kdgrp" Type="Edm.String" Nullable="false" MaxLength="2" sap:unicode="false" sap:label="Kundengruppe" sap:creatable="false"
					sap:updatable="false" sap:sortable="false" sap:filterable="false"/><Property Name="Kukla" Type="Edm.String" Nullable="false" MaxLength="2" sap:unicode="false" sap:label="Kundenklasse" sap:creatable="false"
					sap:updatable="false" sap:sortable="false" sap:filterable="false"/><Property Name="Bzirk" Type="Edm.String" Nullable="false" MaxLength="6" sap:unicode="false" sap:label="Kundenbezirk" sap:creatable="false"
					sap:updatable="false" sap:sortable="false" sap:filterable="false"/><Property Name="Vkorg" Type="Edm.String" Nullable="false" MaxLength="4" sap:unicode="false" sap:label="Verkaufsorg." sap:creatable="false"
					sap:updatable="false" sap:sortable="false" sap:filterable="false"/><Property Name="Vtweg" Type="Edm.String" Nullable="false" MaxLength="2" sap:unicode="false" sap:label="Vertriebsweg" sap:creatable="false"
					sap:updatable="false" sap:sortable="false" sap:filterable="false"/><Property Name="Spart" Type="Edm.String" Nullable="false" MaxLength="2" sap:unicode="false" sap:label="Sparte" sap:creatable="false"
					sap:updatable="false" sap:sortable="false" sap:filterable="false"/><Property Name="Vkgrp" Type="Edm.String" Nullable="false" MaxLength="3" sap:unicode="false" sap:label="Verkäufergruppe"
					sap:creatable="false" sap:updatable="false" sap:sortable="false" sap:filterable="false"/><Property Name="Vkbur" Type="Edm.String" Nullable="false" MaxLength="4" sap:unicode="false" sap:label="Verkaufsbüro" sap:creatable="false"
					sap:updatable="false" sap:sortable="false" sap:filterable="false"/><Property Name="Parvw" Type="Edm.String" Nullable="false" MaxLength="2" sap:unicode="false" sap:label="Partnerrolle" sap:creatable="false"
					sap:updatable="false" sap:sortable="false" sap:filterable="false"/><Property Name="Tatyp" Type="Edm.String" Nullable="false" MaxLength="4" sap:unicode="false" sap:label="Steuertyp" sap:creatable="false"
					sap:updatable="false" sap:sortable="false" sap:filterable="false"/><Property Name="Stceg" Type="Edm.String" Nullable="false" MaxLength="20" sap:unicode="false" sap:label="USt-Id.Nr" sap:creatable="false"
					sap:updatable="false" sap:sortable="false" sap:filterable="false"/><Property Name="Autovkbz" Type="Edm.Boolean" Nullable="false" sap:unicode="false" sap:label="Auto Asig Dev Zone" sap:creatable="false"
					sap:updatable="false" sap:sortable="false" sap:filterable="false"/><Property Name="SmtpAddr" Type="Edm.String" Nullable="false" MaxLength="241" sap:unicode="false" sap:label="E-Mail-Adresse"
					sap:creatable="false" sap:updatable="false" sap:sortable="false" sap:filterable="false"/><Property Name="Langu" Type="Edm.String" Nullable="false" MaxLength="2" sap:unicode="false" sap:label="Sprache" sap:creatable="false"
					sap:updatable="false" sap:sortable="false" sap:filterable="false"/><Property Name="Waers" Type="Edm.String" Nullable="false" MaxLength="5" sap:unicode="false" sap:label="Währung" sap:creatable="false"
					sap:updatable="false" sap:sortable="false" sap:filterable="false" sap:semantics="currency-code"/></EntityType>
			<EntityType Name="CountryF4" sap:content-version="1">
				<Key><PropertyRef Name="Key"/></Key><Property Name="Key" Type="Edm.String" Nullable="false" MaxLength="3" sap:unicode="false" sap:creatable="false" sap:updatable="false"
					sap:sortable="false" sap:filterable="false"/><Property Name="Name" Type="Edm.String" Nullable="false" MaxLength="15" sap:unicode="false" sap:creatable="false" sap:updatable="false"
					sap:sortable="false" sap:filterable="false"/></EntityType>
			<EntityType Name="SalesOrganisationF4" sap:content-version="1">
				<Key><PropertyRef Name="Key"/></Key><Property Name="Key" Type="Edm.String" Nullable="false" MaxLength="4" sap:unicode="false" sap:creatable="false" sap:updatable="false"
					sap:sortable="false" sap:filterable="false"/><Property Name="Name" Type="Edm.String" Nullable="false" MaxLength="20" sap:unicode="false" sap:creatable="false" sap:updatable="false"
					sap:sortable="false" sap:filterable="false"/></EntityType>
			<EntityType Name="DistributionChannelF4" sap:content-version="1">
				<Key><PropertyRef Name="Key"/></Key><Property Name="Key" Type="Edm.String" Nullable="false" MaxLength="2" sap:unicode="false" sap:creatable="false" sap:updatable="false"
					sap:sortable="false" sap:filterable="false"/><Property Name="Name" Type="Edm.String" Nullable="false" MaxLength="20" sap:unicode="false" sap:creatable="false" sap:updatable="false"
					sap:sortable="false" sap:filterable="false"/></EntityType>
			<EntityType Name="DivisionF4" sap:content-version="1">
				<Key><PropertyRef Name="Key"/></Key><Property Name="Key" Type="Edm.String" Nullable="false" MaxLength="2" sap:unicode="false" sap:creatable="false" sap:updatable="false"
					sap:sortable="false" sap:filterable="false"/><Property Name="Name" Type="Edm.String" Nullable="false" MaxLength="20" sap:unicode="false" sap:creatable="false" sap:updatable="false"
					sap:sortable="false" sap:filterable="false"/></EntityType>
			<EntityType Name="CustomerGroupF4" sap:content-version="1">
				<Key><PropertyRef Name="Key"/></Key><Property Name="Key" Type="Edm.String" Nullable="false" MaxLength="2" sap:unicode="false" sap:creatable="false" sap:updatable="false"
					sap:sortable="false" sap:filterable="false"/><Property Name="Name" Type="Edm.String" Nullable="false" MaxLength="20" sap:unicode="false" sap:creatable="false" sap:updatable="false"
					sap:sortable="false" sap:filterable="false"/></EntityType>
			<EntityType Name="RegionF4" sap:content-version="1">
				<Key><PropertyRef Name="Country"/><PropertyRef Name="Key"/></Key><Property Name="Country" Type="Edm.String" Nullable="false" MaxLength="3" sap:unicode="false" sap:creatable="false" sap:updatable="false"
					sap:sortable="false" sap:filterable="false"/><Property Name="Key" Type="Edm.String" Nullable="false" MaxLength="3" sap:unicode="false" sap:creatable="false" sap:updatable="false"
					sap:sortable="false" sap:filterable="false"/><Property Name="Name" Type="Edm.String" Nullable="false" MaxLength="20" sap:unicode="false" sap:creatable="false" sap:updatable="false"
					sap:sortable="false" sap:filterable="false"/></EntityType>
			<EntityType Name="SalesDistrictF4" sap:content-version="1">
				<Key><PropertyRef Name="Key"/></Key><Property Name="Key" Type="Edm.String" Nullable="false" MaxLength="6" sap:unicode="false" sap:creatable="false" sap:updatable="false"
					sap:sortable="false" sap:filterable="false"/><Property Name="Name" Type="Edm.String" Nullable="false" MaxLength="20" sap:unicode="false" sap:creatable="false" sap:updatable="false"
					sap:sortable="false" sap:filterable="false"/></EntityType>
			<EntityType Name="CustomerTitleF4" sap:content-version="1">
				<Key><PropertyRef Name="Key"/></Key><Property Name="Key" Type="Edm.String" Nullable="false" MaxLength="4" sap:unicode="false" sap:creatable="false" sap:updatable="false"
					sap:sortable="false" sap:filterable="false"/><Property Name="Name" Type="Edm.String" Nullable="false" MaxLength="30" sap:unicode="false" sap:creatable="false" sap:updatable="false"
					sap:sortable="false" sap:filterable="false"/></EntityType>
			<EntityType Name="SalesGroupF4" sap:content-version="1">
				<Key><PropertyRef Name="Key"/></Key><Property Name="Key" Type="Edm.String" Nullable="false" MaxLength="3" sap:unicode="false" sap:creatable="false" sap:updatable="false"
					sap:sortable="false" sap:filterable="false"/><Property Name="Name" Type="Edm.String" Nullable="false" MaxLength="20" sap:unicode="false" sap:creatable="false" sap:updatable="false"
					sap:sortable="false" sap:filterable="false"/></EntityType>
			<EntityType Name="SalesOfficeF4" sap:content-version="1">
				<Key><PropertyRef Name="Key"/></Key><Property Name="Key" Type="Edm.String" Nullable="false" MaxLength="4" sap:unicode="false" sap:creatable="false" sap:updatable="false"
					sap:sortable="false" sap:filterable="false"/><Property Name="Name" Type="Edm.String" Nullable="false" MaxLength="20" sap:unicode="false" sap:creatable="false" sap:updatable="false"
					sap:sortable="false" sap:filterable="false"/></EntityType>
			<EntityType Name="LanguageF4" sap:content-version="1">
				<Key><PropertyRef Name="Key"/></Key><Property Name="Key" Type="Edm.String" Nullable="false" MaxLength="2" sap:unicode="false" sap:creatable="false" sap:updatable="false"
					sap:sortable="false" sap:filterable="false"/><Property Name="Name" Type="Edm.String" Nullable="false" MaxLength="16" sap:unicode="false" sap:creatable="false" sap:updatable="false"
					sap:sortable="false" sap:filterable="false"/></EntityType>
			<EntityType Name="Preissimulation" sap:content-version="1">
				<Key><PropertyRef Name="IdPreisimTool"/></Key><Property Name="IdPreisimTool" Type="Edm.String" Nullable="false" MaxLength="3" sap:unicode="false" sap:label="Preis Id"
					sap:creatable="false" sap:updatable="false" sap:sortable="false" sap:filterable="false"/><Property Name="FirstPositionFlag" Type="Edm.Boolean" Nullable="false" sap:unicode="false" sap:creatable="false" sap:updatable="false"
					sap:sortable="false" sap:filterable="false"/><Property Name="Prozess" Type="Edm.String" Nullable="false" MaxLength="1" sap:unicode="false" sap:creatable="false" sap:updatable="false"
					sap:sortable="false" sap:filterable="false"/><Property Name="SoldToParty" Type="Edm.String" Nullable="false" MaxLength="10" sap:unicode="false" sap:label="Auftraggeber"
					sap:creatable="false" sap:updatable="false" sap:sortable="false" sap:filterable="false"/><Property Name="Country" Type="Edm.String" Nullable="false" MaxLength="3" sap:unicode="false" sap:label="Land" sap:creatable="false"
					sap:updatable="false" sap:sortable="false" sap:filterable="false"/><Property Name="PostalCode" Type="Edm.String" Nullable="false" MaxLength="10" sap:unicode="false" sap:label="Postleitzahl"
					sap:creatable="false" sap:updatable="false" sap:sortable="false" sap:filterable="false"/><Property Name="SalesOrganisation" Type="Edm.String" Nullable="false" MaxLength="4" sap:unicode="false" sap:label="Verkaufsorg."
					sap:creatable="false" sap:updatable="false" sap:sortable="false" sap:filterable="false"/><Property Name="DistributionChannel" Type="Edm.String" Nullable="false" MaxLength="2" sap:unicode="false" sap:label="Vertriebsweg"
					sap:creatable="false" sap:updatable="false" sap:sortable="false" sap:filterable="false"/><Property Name="Division" Type="Edm.String" Nullable="false" MaxLength="2" sap:unicode="false" sap:label="Sparte" sap:creatable="false"
					sap:updatable="false" sap:sortable="false" sap:filterable="false"/><Property Name="SalesOffice" Type="Edm.String" Nullable="false" MaxLength="4" sap:unicode="false" sap:label="Verkaufsbüro"
					sap:creatable="false" sap:updatable="false" sap:sortable="false" sap:filterable="false"/><Property Name="SalesGroup" Type="Edm.String" Nullable="false" MaxLength="3" sap:unicode="false" sap:label="Verkäufergruppe"
					sap:creatable="false" sap:updatable="false" sap:sortable="false" sap:filterable="false"/><Property Name="Incoterms" Type="Edm.String" Nullable="false" MaxLength="3" sap:unicode="false" sap:label="Incoterms" sap:creatable="false"
					sap:updatable="false" sap:sortable="false" sap:filterable="false"/><Property Name="IncotermsLocation" Type="Edm.String" Nullable="false" MaxLength="70" sap:unicode="false" sap:label="Inco. Standortl"
					sap:creatable="false" sap:updatable="false" sap:sortable="false" sap:filterable="false"/><Property Name="Cumulus" Type="Edm.String" Nullable="false" MaxLength="13" sap:unicode="false" sap:creatable="false" sap:updatable="false"
					sap:sortable="false" sap:filterable="false"/><Property Name="KampagneC" Type="Edm.String" Nullable="false" MaxLength="20" sap:unicode="false" sap:creatable="false" sap:updatable="false"
					sap:sortable="false" sap:filterable="false"/><Property Name="Kampagne" Type="Edm.String" Nullable="false" MaxLength="20" sap:unicode="false" sap:creatable="false" sap:updatable="false"
					sap:sortable="false" sap:filterable="false"/><Property Name="PricingDate" Type="Edm.DateTime" Nullable="false" Precision="7" sap:unicode="false" sap:label="Preisdatum"
					sap:creatable="false" sap:updatable="false" sap:sortable="false" sap:filterable="false"/><Property Name="PricingTime" Type="Edm.Time" Nullable="false" Precision="0" sap:unicode="false" sap:label="Zeit" sap:creatable="false"
					sap:updatable="false" sap:sortable="false" sap:filterable="false"/><Property Name="DeliveryDateFrom" Type="Edm.String" Nullable="false" MaxLength="10" sap:unicode="false" sap:label="Datum Von"
					sap:creatable="false" sap:updatable="false" sap:sortable="false" sap:filterable="false"/><Property Name="DeliveryDateTo" Type="Edm.String" Nullable="false" MaxLength="10" sap:unicode="false" sap:label="Datum Bis"
					sap:creatable="false" sap:updatable="false" sap:sortable="false" sap:filterable="false"/><Property Name="MaterialNumber" Type="Edm.String" Nullable="false" MaxLength="18" sap:unicode="false" sap:label="Material"
					sap:creatable="false" sap:updatable="false" sap:sortable="false" sap:filterable="false"/><Property Name="ForwardingAgent" Type="Edm.String" Nullable="false" MaxLength="10" sap:unicode="false" sap:label="Spediteur"
					sap:creatable="false" sap:updatable="false" sap:sortable="false" sap:filterable="false"/><Property Name="Quantity" Type="Edm.Decimal" Nullable="false" Precision="13" Scale="3" sap:unicode="false" sap:unit="UoM"
					sap:label="Zielmenge" sap:creatable="false" sap:updatable="false" sap:sortable="false" sap:filterable="false"/><Property Name="UoM" Type="Edm.String" Nullable="false" MaxLength="3" sap:unicode="false" sap:label="Zielmengeneinh." sap:creatable="false"
					sap:updatable="false" sap:sortable="false" sap:filterable="false" sap:semantics="unit-of-measure"/><Property Name="ConditionGroup1Flag" Type="Edm.Boolean" Nullable="false" sap:unicode="false" sap:creatable="false" sap:updatable="false"
					sap:sortable="false" sap:filterable="false"/><Property Name="ConditionGroup2Flag" Type="Edm.Boolean" Nullable="false" sap:unicode="false" sap:creatable="false" sap:updatable="false"
					sap:sortable="false" sap:filterable="false"/><Property Name="ConditionGroup3Flag" Type="Edm.Boolean" Nullable="false" sap:unicode="false" sap:creatable="false" sap:updatable="false"
					sap:sortable="false" sap:filterable="false"/><Property Name="ConditionGroup4Flag" Type="Edm.Boolean" Nullable="false" sap:unicode="false" sap:creatable="false" sap:updatable="false"
					sap:sortable="false" sap:filterable="false"/><Property Name="ConditionGroup5Flag" Type="Edm.Boolean" Nullable="false" sap:unicode="false" sap:creatable="false" sap:updatable="false"
					sap:sortable="false" sap:filterable="false"/><Property Name="MaterialGroup1Flag" Type="Edm.Boolean" Nullable="false" sap:unicode="false" sap:creatable="false" sap:updatable="false"
					sap:sortable="false" sap:filterable="false"/><Property Name="MaterialGroup2Flag" Type="Edm.Boolean" Nullable="false" sap:unicode="false" sap:creatable="false" sap:updatable="false"
					sap:sortable="false" sap:filterable="false"/><Property Name="MaterialGroup3Flag" Type="Edm.Boolean" Nullable="false" sap:unicode="false" sap:creatable="false" sap:updatable="false"
					sap:sortable="false" sap:filterable="false"/><Property Name="PositionNumber" Type="Edm.String" Nullable="false" MaxLength="6" sap:unicode="false" sap:label="Position"
					sap:creatable="false" sap:updatable="false" sap:sortable="false" sap:filterable="false"/><Property Name="I_ShipToParty" Type="Edm.String" Nullable="false" MaxLength="10" sap:unicode="false" sap:label="Warenempfänger"
					sap:creatable="false" sap:updatable="false" sap:sortable="false" sap:filterable="false"/><Property Name="I_Country" Type="Edm.String" Nullable="false" MaxLength="3" sap:unicode="false" sap:label="Land" sap:creatable="false"
					sap:updatable="false" sap:sortable="false" sap:filterable="false"/><Property Name="I_PostalCode" Type="Edm.String" Nullable="false" MaxLength="10" sap:unicode="false" sap:label="Postleitzahl"
					sap:creatable="false" sap:updatable="false" sap:sortable="false" sap:filterable="false"/><Property Name="I_Quantity" Type="Edm.Decimal" Nullable="false" Precision="15" Scale="3" sap:unicode="false" sap:unit="I_UoM"
					sap:label="KumAuftMenge" sap:creatable="false" sap:updatable="false" sap:sortable="false" sap:filterable="false"/><Property Name="I_UoM" Type="Edm.String" Nullable="false" MaxLength="3" sap:unicode="false" sap:label="VerkaufsME" sap:creatable="false"
					sap:updatable="false" sap:sortable="false" sap:filterable="false" sap:semantics="unit-of-measure"/><Property Name="I_Plant" Type="Edm.String" Nullable="false" MaxLength="4" sap:unicode="false" sap:label="Werk" sap:creatable="false"
					sap:updatable="false" sap:sortable="false" sap:filterable="false"/><Property Name="E_Plant" Type="Edm.String" Nullable="false" MaxLength="4" sap:unicode="false" sap:label="Werk" sap:creatable="false"
					sap:updatable="false" sap:sortable="false" sap:filterable="false"/><Property Name="E_ForwardingAgent" Type="Edm.String" Nullable="false" MaxLength="10" sap:unicode="false" sap:label="Spediteur"
					sap:creatable="false" sap:updatable="false" sap:sortable="false" sap:filterable="false"/><Property Name="E_Distance" Type="Edm.Decimal" Nullable="false" Precision="13" Scale="3" sap:unicode="false" sap:unit="E_UoM_Distance"
					sap:label="Distanz" sap:creatable="false" sap:updatable="false" sap:sortable="false" sap:filterable="false"/><Property Name="E_UoM_Distance" Type="Edm.String" Nullable="false" MaxLength="3" sap:unicode="false" sap:label="Entfernungs-ME"
					sap:creatable="false" sap:updatable="false" sap:sortable="false" sap:filterable="false" sap:semantics="unit-of-measure"/><Property Name="E_NetPrice" Type="Edm.Decimal" Nullable="false" Precision="12" Scale="3" sap:unicode="false" sap:unit="E_Currency"
					sap:label="VK-netto" sap:creatable="false" sap:updatable="false" sap:sortable="false" sap:filterable="false"/><Property Name="E_GrossPrice" Type="Edm.Decimal" Nullable="false" Precision="12" Scale="3" sap:unicode="false" sap:unit="E_Currency"
					sap:label="VK-brutto" sap:creatable="false" sap:updatable="false" sap:sortable="false" sap:filterable="false"/><Property Name="E_PricingUnit" Type="Edm.Decimal" Nullable="false" Precision="5" Scale="0" sap:unicode="false" sap:label="Preiseinheit"
					sap:creatable="false" sap:updatable="false" sap:sortable="false" sap:filterable="false"/><Property Name="E_UoM" Type="Edm.String" Nullable="false" MaxLength="3" sap:unicode="false" sap:label="Mengeneinheit" sap:creatable="false"
					sap:updatable="false" sap:sortable="false" sap:filterable="false" sap:semantics="unit-of-measure"/><Property Name="E_Currency" Type="Edm.String" Nullable="false" MaxLength="5" sap:unicode="false" sap:label="Währung" sap:creatable="false"
					sap:updatable="false" sap:sortable="false" sap:filterable="false" sap:semantics="currency-code"/><Property Name="ShipToParty1" Type="Edm.String" Nullable="false" MaxLength="10" sap:unicode="false" sap:creatable="false"
					sap:updatable="false" sap:sortable="false" sap:filterable="false"/><Property Name="MaterialNumber1" Type="Edm.String" Nullable="false" MaxLength="18" sap:unicode="false" sap:creatable="false"
					sap:updatable="false" sap:sortable="false" sap:filterable="false"/><Property Name="Quantity1" Type="Edm.Decimal" Nullable="false" Precision="15" Scale="3" sap:unicode="false" sap:unit="UoM1"
					sap:creatable="false" sap:updatable="false" sap:sortable="false" sap:filterable="false"/><Property Name="UoM1" Type="Edm.String" Nullable="false" MaxLength="3" sap:unicode="false" sap:creatable="false" sap:updatable="false"
					sap:sortable="false" sap:filterable="false" sap:semantics="unit-of-measure"/><Property Name="ShipToParty2" Type="Edm.String" Nullable="false" MaxLength="10" sap:unicode="false" sap:creatable="false"
					sap:updatable="false" sap:sortable="false" sap:filterable="false"/><Property Name="MaterialNumber2" Type="Edm.String" Nullable="false" MaxLength="18" sap:unicode="false" sap:creatable="false"
					sap:updatable="false" sap:sortable="false" sap:filterable="false"/><Property Name="Quantity2" Type="Edm.Decimal" Nullable="false" Precision="15" Scale="3" sap:unicode="false" sap:unit="UoM2"
					sap:creatable="false" sap:updatable="false" sap:sortable="false" sap:filterable="false"/><Property Name="UoM2" Type="Edm.String" Nullable="false" MaxLength="3" sap:unicode="false" sap:creatable="false" sap:updatable="false"
					sap:sortable="false" sap:filterable="false" sap:semantics="unit-of-measure"/><Property Name="ShipToParty3" Type="Edm.String" Nullable="false" MaxLength="10" sap:unicode="false" sap:creatable="false"
					sap:updatable="false" sap:sortable="false" sap:filterable="false"/><Property Name="MaterialNumber3" Type="Edm.String" Nullable="false" MaxLength="18" sap:unicode="false" sap:creatable="false"
					sap:updatable="false" sap:sortable="false" sap:filterable="false"/><Property Name="Quantity3" Type="Edm.Decimal" Nullable="false" Precision="15" Scale="3" sap:unicode="false" sap:unit="UoM3"
					sap:creatable="false" sap:updatable="false" sap:sortable="false" sap:filterable="false"/><Property Name="UoM3" Type="Edm.String" Nullable="false" MaxLength="3" sap:unicode="false" sap:creatable="false" sap:updatable="false"
					sap:sortable="false" sap:filterable="false" sap:semantics="unit-of-measure"/><Property Name="ShipToParty4" Type="Edm.String" Nullable="false" MaxLength="10" sap:unicode="false" sap:creatable="false"
					sap:updatable="false" sap:sortable="false" sap:filterable="false"/><Property Name="MaterialNumber4" Type="Edm.String" Nullable="false" MaxLength="18" sap:unicode="false" sap:creatable="false"
					sap:updatable="false" sap:sortable="false" sap:filterable="false"/><Property Name="Quantity4" Type="Edm.Decimal" Nullable="false" Precision="15" Scale="3" sap:unicode="false" sap:unit="UoM4"
					sap:creatable="false" sap:updatable="false" sap:sortable="false" sap:filterable="false"/><Property Name="UoM4" Type="Edm.String" Nullable="false" MaxLength="3" sap:unicode="false" sap:creatable="false" sap:updatable="false"
					sap:sortable="false" sap:filterable="false" sap:semantics="unit-of-measure"/><Property Name="ShipToParty5" Type="Edm.String" Nullable="false" MaxLength="10" sap:unicode="false" sap:creatable="false"
					sap:updatable="false" sap:sortable="false" sap:filterable="false"/><Property Name="MaterialNumber5" Type="Edm.String" Nullable="false" MaxLength="18" sap:unicode="false" sap:creatable="false"
					sap:updatable="false" sap:sortable="false" sap:filterable="false"/><Property Name="Quantity5" Type="Edm.Decimal" Nullable="false" Precision="15" Scale="3" sap:unicode="false" sap:unit="UoM5"
					sap:creatable="false" sap:updatable="false" sap:sortable="false" sap:filterable="false"/><Property Name="UoM5" Type="Edm.String" Nullable="false" MaxLength="3" sap:unicode="false" sap:creatable="false" sap:updatable="false"
					sap:sortable="false" sap:filterable="false" sap:semantics="unit-of-measure"/></EntityType>
			<EntityType Name="MaterialF4" sap:content-version="1">
				<Key><PropertyRef Name="Key"/></Key><Property Name="Name" Type="Edm.String" Nullable="false" MaxLength="40" sap:unicode="false" sap:creatable="false" sap:updatable="false"
					sap:sortable="false" sap:filterable="false"/><Property Name="Key" Type="Edm.String" Nullable="false" MaxLength="40" sap:unicode="false" sap:creatable="false" sap:updatable="false"
					sap:sortable="false" sap:filterable="false"/></EntityType>
			<EntityType Name="CustomerCheckSendTo" sap:content-version="1">
				<Key><PropertyRef Name="SoldToParty"/></Key><Property Name="SoldToParty" Type="Edm.String" Nullable="false" MaxLength="10" sap:unicode="false" sap:creatable="false"
					sap:updatable="false" sap:sortable="false" sap:filterable="false"/><Property Name="ShipToParty" Type="Edm.String" Nullable="false" MaxLength="10" sap:unicode="false" sap:creatable="false"
					sap:updatable="false" sap:sortable="false" sap:filterable="false"/></EntityType>
			<EntityContainer Name="ZOI_PREISSIMULATION_SRV_Entities" m:IsDefaultEntityContainer="true" sap:supported-formats="atom json xlsx"><EntitySet Name="BusinessPartnerSearchSet" EntityType="ZOI_PREISSIMULATION_SRV.BusinessPartnerSearch" sap:creatable="false"
				sap:updatable="false" sap:deletable="false" sap:pageable="false" sap:content-version="1"/><EntitySet Name="CountrySetF4" EntityType="ZOI_PREISSIMULATION_SRV.CountryF4" sap:creatable="false" sap:updatable="false"
				sap:deletable="false" sap:pageable="false" sap:content-version="1"/><EntitySet Name="SalesOrganisationF4Set" EntityType="ZOI_PREISSIMULATION_SRV.SalesOrganisationF4" sap:creatable="false"
				sap:updatable="false" sap:deletable="false" sap:pageable="false" sap:content-version="1"/><EntitySet Name="DistributionChannelF4Set" EntityType="ZOI_PREISSIMULATION_SRV.DistributionChannelF4" sap:creatable="false"
				sap:updatable="false" sap:deletable="false" sap:pageable="false" sap:content-version="1"/><EntitySet Name="DivisionF4Set" EntityType="ZOI_PREISSIMULATION_SRV.DivisionF4" sap:creatable="false" sap:updatable="false"
				sap:deletable="false" sap:pageable="false" sap:content-version="1"/><EntitySet Name="CustomerGroupF4Set" EntityType="ZOI_PREISSIMULATION_SRV.CustomerGroupF4" sap:creatable="false" sap:updatable="false"
				sap:deletable="false" sap:pageable="false" sap:content-version="1"/><EntitySet Name="RegionF4Set" EntityType="ZOI_PREISSIMULATION_SRV.RegionF4" sap:creatable="false" sap:updatable="false"
				sap:deletable="false" sap:pageable="false" sap:content-version="1"/><EntitySet Name="SalesDistrictF4Set" EntityType="ZOI_PREISSIMULATION_SRV.SalesDistrictF4" sap:creatable="false" sap:updatable="false"
				sap:deletable="false" sap:pageable="false" sap:content-version="1"/><EntitySet Name="CustomerTitleF4Set" EntityType="ZOI_PREISSIMULATION_SRV.CustomerTitleF4" sap:creatable="false" sap:updatable="false"
				sap:deletable="false" sap:pageable="false" sap:content-version="1"/><EntitySet Name="SalesGroupF4Set" EntityType="ZOI_PREISSIMULATION_SRV.SalesGroupF4" sap:creatable="false" sap:updatable="false"
				sap:deletable="false" sap:pageable="false" sap:content-version="1"/><EntitySet Name="SalesOfficeF4Set" EntityType="ZOI_PREISSIMULATION_SRV.SalesOfficeF4" sap:creatable="false" sap:updatable="false"
				sap:deletable="false" sap:pageable="false" sap:content-version="1"/><EntitySet Name="LanguageF4Set" EntityType="ZOI_PREISSIMULATION_SRV.LanguageF4" sap:creatable="false" sap:updatable="false"
				sap:deletable="false" sap:pageable="false" sap:content-version="1"/><EntitySet Name="PreissimulationSet" EntityType="ZOI_PREISSIMULATION_SRV.Preissimulation" sap:creatable="false" sap:updatable="false"
				sap:deletable="false" sap:pageable="false" sap:content-version="1"/><EntitySet Name="MaterialF4Set" EntityType="ZOI_PREISSIMULATION_SRV.MaterialF4" sap:creatable="false" sap:updatable="false"
				sap:deletable="false" sap:pageable="false" sap:content-version="1"/><EntitySet Name="CustomerCheckSendToSet" EntityType="ZOI_PREISSIMULATION_SRV.CustomerCheckSendTo" sap:creatable="false"
				sap:updatable="false" sap:deletable="false" sap:pageable="false" sap:content-version="1"/></EntityContainer><atom:link xmlns:atom="http://www.w3.org/2005/Atom" rel="self"
				href="https://dmg.migros.ch:1440/sap/opu/odata/sap/ZOI_PREISSIMULATION_SRV/$metadata"/><atom:link xmlns:atom="http://www.w3.org/2005/Atom" rel="latest-version"
				href="https://dmg.migros.ch:1440/sap/opu/odata/sap/ZOI_PREISSIMULATION_SRV/$metadata"/></Schema>
	</edmx:DataServices>
</edmx:Edmx>