{
    "controllers": {
        "ActivitiesChart": "DS_IDMUI%2fcontroller%2fActivitiesChart.controller.js",
        "App": "DS_IDMUI%2fcontroller%2fApp.controller.js",
        "Dialog": "DS_IDMUI%2fcontroller%2fDialog.controller.js",
        "IdmController": "DS_IDMUI%2fcontroller%2fIdmController.controller.js",
        "Main": "DS_IDMUI%2fcontroller%2fMain.controller.js",
        "Map": "DS_IDMUI%2fcontroller%2fMap.controller.js",
        "MessagePopover": "DS_IDMUI%2fcontroller%2fMessagePopover.controller.js",
        "MultiFunction": "DS_IDMUI%2fcontroller%2fMultiFunction.controller.js",
        "QuantityInput": "DS_IDMUI%2fcontroller%2fQuantityInput.controller.js",
        "RepeatingSubViews": "DS_IDMUI%2fcontroller%2fRepeatingSubViews.controller.js",
        "Resources": "DS_IDMUI%2fcontroller%2fResources.controller.js",
        "StartVariant": "DS_IDMUI%2fcontroller%2fStartVariant.controller.js",
        "Tables": "DS_IDMUI%2fcontroller%2fTables.controller.js",
        "TripsSearch": "DS_IDMUI%2fcontroller%2fTripsSearch.controller.js",
        "VersionInfo": "DS_IDMUI%2fcontroller%2fVersionInfo.controller.js",
        "GanttChart": "DS_IDMUI%2fcontroller%2fganttchart%2fGanttChart.controller.js",
        "PlanningCharts": "DS_IDMUI%2fcontroller%2fganttchart%2fPlanningCharts.controller.js",
        "DocumentTable": "DS_IDMUI%2fcontroller%2fdocumentTable%2fDocumentTable.controller.js",
        "Unloading": "DS_IDMUI%2fcontroller%2fdocumentTable%2fUnloading.controller.js",
        "TripDetails": "DS_IDMUI%2fcontroller%2ftripOverview%2fTripDetails.controller.js",
        "TripOverview": "DS_IDMUI%2fcontroller%2ftripOverview%2fTripOverview.controller.js",
        "VehicleChart": "DS_IDMUI%2fcontroller%2ftripOverview%2fVehicleChart.controller.js",
        "SmartTableView": "DS_IDMUI%2fcontroller%2fpopup%2fgeneric%2fSmartTableView.controller.js"
    },
    "views": {
        "ActivitiesChart": "DS_IDMUI%2fview%2fActivitiesChart.view.xml",
        "App": "DS_IDMUI%2fview%2fApp.view.xml",
        "Main": "DS_IDMUI%2fview%2fMain.view.xml",
        "Map": "DS_IDMUI%2fview%2fMap.view.xml",
        "MessagePopover": "DS_IDMUI%2fview%2fMessagePopover.view.xml",
        "MultiFunction": "DS_IDMUI%2fview%2fMultiFunction.view.xml",
        "QuantityInput": "DS_IDMUI%2fview%2fQuantityInput.view.xml",
        "Resources": "DS_IDMUI%2fview%2fResources.view.xml",
        "StartVariant": "DS_IDMUI%2fview%2fStartVariant.view.xml",
        "Tables": "DS_IDMUI%2fview%2fTables.view.xml",
        "TemplateDialog": "DS_IDMUI%2fview%2fTemplateDialog.view.xml",
        "TripsSearch": "DS_IDMUI%2fview%2fTripsSearch.view.xml",
        "VersionInfo": "DS_IDMUI%2fview%2fVersionInfo.view.xml",
        "Loading": "DS_IDMUI%2fview%2fdocumentTable%2fLoading.view.xml",
        "Unloading": "DS_IDMUI%2fview%2fdocumentTable%2fUnloading.view.xml",
        "GanttChart": "DS_IDMUI%2fview%2fganttchart%2fGanttChart.view.xml",
        "PlanningCharts": "DS_IDMUI%2fview%2fganttchart%2fPlanningCharts.view.xml",
        "TripDetails": "DS_IDMUI%2fview%2ftripOverview%2fTripDetails.view.xml",
        "TripOverview": "DS_IDMUI%2fview%2ftripOverview%2fTripOverview.view.xml",
        "VehicleChart": "DS_IDMUI%2fview%2ftripOverview%2fVehicleChart.view.xml",
        "SmartGridTable": "DS_IDMUI%2fview%2fpopup%2fgeneric%2fSmartGridTable.view.xml",
        "SmartResponsiveTable": "DS_IDMUI%2fview%2fpopup%2fgeneric%2fSmartResponsiveTable.view.xml"
    },
    "fragments": {
        "MainToolBar": "DS_IDMUI%2fview%2ffragments%2fMainToolBar.fragment.xml",
        "SmartFilterBar": "DS_IDMUI%2fview%2fpopup%2fgeneric%2fSmartFilterBar.fragment.xml",
        "SmartGridTable": "DS_IDMUI%2fview%2fpopup%2fgeneric%2fSmartGridTable.fragment.xml",
        "SmartResponsiveTable": "DS_IDMUI%2fview%2fpopup%2fgeneric%2fSmartResponsiveTable.fragment.xml"
    },
    "type": "abaprep",
    "shouldLinkComponentToManifest": true,
    "component": "DS_IDMUI%2fComponent.js",
    "manifest": "DS_IDMUI%2fmanifest.json",
    "versionJsonPath": "DS_IDMUI%2fversion.json",
    "minUI5Version": "snapshot-1.71",
    "system": {
        "name": "DMG_TEST",
        "description": "DMG Migrol S/4HANA",
        "proxyUrlPrefix": "/destinations/DMG_TEST",
        "path": "/sap/bc/adt",
        "url": "/destinations/DMG_TEST/sap/bc/adt",
        "wattUsage": "dev_abap",
        "proxyType": "OnPremise",
        "systemId": "DMG",
        "entryPath": "/sap/bc/adt",
        "sapClient": "694",
        "additionalData": []
    },
    "discoveryStatus": {
        "csrfToken": "In24lZ79HyB59OvaNsuYWw==",
        "transports": "/destinations/DMG_TEST/sap/bc/adt/cts/transports",
        "transportchecks": "/destinations/DMG_TEST/sap/bc/adt/cts/transportchecks",
        "filestore_ui5_bsp": "/destinations/DMG_TEST/sap/bc/adt/filestore/ui5-bsp/objects",
        "search": "/destinations/DMG_TEST/sap/bc/adt/repository/informationsystem/search",
        "ato_settings": "/destinations/DMG_TEST/sap/bc/adt/ato/settings",
        "ui5_rt_version": "/destinations/DMG_TEST/sap/bc/adt/filestore/ui5-bsp/ui5-rt-version",
        "description": "DMG Migrol S/4HANA",
        "proxyUrlPrefix": "/destinations/DMG_TEST"
    },
    "BSPName": "DS_IDMUI",
    "namespace": "s4idm",
    "resourceBundle": "i18n/i18n.properties",
    "parentResourceRootUrl": "/destinations/DMG_TEST/sap/bc/ui5_ui5/sap/DS_IDMUI"
}