<core:FragmentDefinition xmlns="sap.m" xmlns:core="sap.ui.core" xmlns:f="sap.ui.layout.form" xmlns:l="sap.ui.layout">
	<Table
		id="priceResultTableSuA"
		width="auto"
		items="{preisResultModel>/results}"
		mode="MultiSelect" 
		selectionChange="onPriceSimRecordSelect">
		<headerToolbar>
			<Toolbar>
				<Title text="{preisResultModel>/TabTitle}"/>
				<ToolbarSpacer/>
			</Toolbar>
		</headerToolbar>
		<columns>
			<Column visible="true" width="15%">
				<Text text="{i18n>KBTResCol_Material}"/>
			</Column>
			<Column width="10%">
				<Text text="{i18n>KBTResCol_DelivDateFrom}"/>
			</Column>
			<Column width="10%">
				<Text text="{i18n>KBTResCol_DelivDateTo}"/>
			</Column>
			<Column width="10%">
				<Text text="{i18n>KBTResCol_NETPR}"/>
				<footer>
					<Label text="{preisResultModel>/nettoPreisGesamt}" visible="{= ${preisResultModel>/results}.length > 0 &amp;&amp; ${oPreisModel>/selectedTab} === 'sua' }" />
				</footer>
			</Column>
			<Column width="10%">
				<Text text="{i18n>KBTResCol_BRTPR}"/>
				<footer>
					<Label text="{preisResultModel>/bruttoPreisGesamt}" visible="{= ${preisResultModel>/results}.length > 0 &amp;&amp; ${oPreisModel>/selectedTab} === 'sua' }" />
				</footer>
			</Column>
			<Column width="15%">
				<Text text="{i18n>KBTResCol_KPEIN}"/>
			</Column>
			<Column>
				<Text text="{i18n>KBTResCol_PriceDate}"/>
			</Column>
			<Column>
				<Text text="{i18n>KBTResCol_PriceTime}"/>
			</Column>
			<Column visible="false">
				<Text text="{i18n>KBTResCol_IdResult}"/>
			</Column>
		</columns>
		<items>
			<ColumnListItem>
				<cells>
					<Label text="{preisResultModel>MaterialNo} - {preisResultModel>MaterialText}"/>
					<Label text="{preisResultModel>DeliveryDateFrom}"/>
					<Label text="{preisResultModel>DeliveryDateTo}"/>
					<Label text="{preisResultModel>NetPrice}"/>
					<Label text="{preisResultModel>GrossPrice}"/>
					<Label text="{preisResultModel>Currency} {preisResultModel>PricingCondition} {preisResultModel>PricingConditionUoM}"/>
					<Label text="{preisResultModel>PricingDate}"/>
					<Label text="{preisResultModel>PricingTime}"/>
					<Label text="{preisResultModel>IdResult}"/>
				</cells>
			</ColumnListItem>
		</items>
	</Table>
</core:FragmentDefinition>